Q1,Q2,Q3,Q4,Q5,Q6,Q7,Q8,Q9,Q10,Q11,Q12,Q13,Q14,Q15,Q16,Q17,Q18,Q19,Q20,Q21,Q22,Q23,Q24,Q25,Q26,Q27,Q28,Q29,Q30,Q31,ID
E,A,C,G,F,E,D,C,B,B,E,D,A,E,E,F,A,A,D,F,I,D,C,H,F,G,H,G,F,D,C,328636
C,G,C,G,G,B,A,B,D,D,F,E,D,E,G,E,E,B,F,D,I,F,C,C,D,G,A,H,A,E,C,490471
B,F,C,B,B,C,E,A,D,B,G,E,D,A,B,A,D,C,F,D,A,D,A,E,A,E,C,B,A,E,D,325897
F,F,A,F,F,A,C,C,E,C,F,F,A,F,B,D,A,D,D,F,E,G,D,F,G,B,E,C,A,A,C,963339
C,E,C,A,G,A,C,B,A,I,A,E,B,A,F,A,C,D,C,C,I,A,G,G,C,B,B,B,D,D,A,240209
D,B,F,F,D,D,C,A,B,D,H,C,C,G,B,A,C,A,F,H,B,C,E,E,H,B,E,H,H,C,F,405360
G,A,E,H,I,F,A,A,B,E,B,A,A,B,C,E,C,C,A,D,B,I,B,E,A,D,E,E,B,F,F,648569
E,E,F,I,E,B,C,C,A,F,H,A,C,E,C,C,A,B,C,A,B,A,F,D,D,F,E,H,E,F,F,301402
E,F,C,A,I,B,F,B,B,G,A,D,B,G,E,E,E,C,D,B,C,D,C,E,D,G,H,H,E,F,B,682197
F,G,G,D,J,G,C,B,C,C,I,D,C,E,A,C,D,A,D,F,D,J,B,G,E,B,B,G,A,A,D,609841
E,A,A,D,A,E,C,A,E,H,I,B,E,D,B,B,E,D,D,E,F,B,A,B,G,F,A,G,C,G,E,912096
G,G,B,E,I,B,A,A,D,A,G,D,E,G,E,A,C,B,A,G,I,H,F,E,B,D,E,G,A,F,D,984622
D,D,A,G,C,E,D,A,E,F,I,F,C,G,D,G,C,B,E,C,H,H,B,G,B,E,B,C,A,C,E,683345
E,F,I,F,A,B,B,B,C,C,F,G,D,F,D,B,A,B,F,B,I,J,A,B,G,D,D,G,C,C,F,714046
D,D,E,D,D,E,F,C,C,E,H,D,C,D,F,G,E,D,E,H,G,F,A,C,D,B,E,H,A,E,C,586108
C,E,E,A,H,E,D,C,E,C,D,D,B,F,D,A,A,C,D,A,D,B,F,G,B,F,D,H,H,A,E,834306
D,B,E,H,F,B,E,A,D,A,B,G,B,C,A,G,C,D,B,E,H,J,B,G,B,E,B,A,B,A,B,512161
A,B,H,C,H,F,E,B,C,B,E,D,A,G,G,B,C,C,E,H,D,E,F,H,F,A,G,B,A,B,E,752352
E,B,G,H,H,B,C,C,B,C,B,E,D,F,B,A,A,B,C,C,H,E,C,A,D,D,H,H,F,G,A,518604
A,C,C,A,B,C,A,A,A,B,I,A,E,B,C,G,C,B,B,A,G,I,F,G,G,C,E,H,C,D,A,906717
B,A,D,C,B,B,F,A,A,C,F,A,A,B,E,D,C,B,F,E,C,F,E,E,H,D,C,E,F,G,D,628126
F,C,B,B,H,E,E,C,C,F,H,C,E,A,G,D,D,A,F,H,B,D,A,D,C,D,E,F,B,A,B,741764
G,F,B,A,G,C,B,C,B,I,D,B,D,D,D,F,E,D,D,C,G,A,B,G,H,C,B,C,H,D,F,346550
C,E,H,I,J,F,E,B,A,F,G,E,C,A,D,F,D,A,E,E,C,D,A,A,A,G,H,A,A,C,C,113528
A,G,A,A,E,G,A,C,E,E,F,D,E,E,F,E,C,D,D,G,B,F,F,G,D,B,C,D,G,A,B,435682
A,B,A,E,D,A,D,C,C,H,C,B,A,C,C,C,D,C,F,D,H,B,C,F,B,C,C,G,E,G,C,631651
B,E,B,A,A,B,B,B,D,D,A,A,D,A,C,G,D,A,C,G,G,D,B,B,D,G,B,F,A,G,E,397157
D,E,B,F,A,F,F,C,C,F,I,B,C,A,F,A,E,C,D,H,B,D,D,D,A,D,E,F,C,G,C,140086
G,A,B,G,C,C,D,A,E,I,A,G,B,E,D,F,E,A,D,B,A,B,C,E,F,A,B,B,D,C,F,673517
F,F,F,D,E,F,A,A,E,I,D,C,E,G,E,C,A,A,E,F,B,I,A,C,A,A,H,G,H,D,C,443232
E,G,D,G,E,C,C,A,E,C,H,D,A,D,G,C,A,B,C,C,E,B,E,B,B,C,G,G,C,A,D,614250
F,D,D,B,G,G,C,B,B,I,B,B,C,F,C,A,D,B,C,A,E,F,E,D,E,C,H,B,A,G,E,210193
G,G,F,D,E,G,B,A,D,D,I,B,E,E,E,F,A,B,C,B,H,J,D,H,G,F,F,D,G,C,E,993963
D,C,F,J,E,A,A,C,D,H,I,G,D,E,C,A,B,B,E,F,D,A,F,E,H,G,B,F,H,G,D,812326
E,E,I,G,B,B,A,C,E,D,E,G,E,B,B,B,B,A,F,C,G,A,E,D,H,C,C,F,H,D,B,152533
A,D,I,J,H,G,E,C,A,D,D,G,D,A,F,A,E,A,F,A,A,E,B,C,H,C,H,G,F,G,D,569768
C,G,C,D,J,F,D,A,B,D,A,D,C,A,G,B,D,D,B,C,H,A,B,H,E,E,E,D,F,F,E,462674
A,D,D,J,C,D,B,B,D,E,I,B,A,G,A,F,A,A,B,G,G,G,A,G,G,G,G,G,C,D,B,492318
E,D,G,D,G,G,D,B,E,B,A,G,C,B,A,F,A,B,A,H,F,C,C,G,D,E,A,G,B,A,E,232387
C,D,F,C,G,B,D,B,B,E,C,F,C,D,A,E,E,D,A,D,E,B,G,H,E,D,A,C,D,A,A,283400
A,B,I,G,B,B,D,A,D,E,B,G,B,G,G,B,B,D,D,D,J,F,A,G,H,B,E,G,B,B,E,501983
C,C,H,G,J,B,D,B,C,G,H,F,B,G,A,G,B,D,C,C,C,H,E,B,G,B,F,E,G,C,E,564258
D,D,G,I,E,E,A,C,B,C,G,F,A,D,A,C,E,D,F,H,A,I,C,H,A,D,H,B,E,C,F,686625
D,G,D,H,E,C,E,C,E,E,F,A,D,B,G,A,C,D,F,B,D,B,E,G,A,G,C,A,H,A,E,779689
F,C,D,H,A,A,E,B,E,H,I,F,E,B,C,A,D,B,E,D,C,I,C,A,E,B,B,D,A,E,D,893135
C,F,B,A,F,C,D,C,B,H,G,F,B,D,D,D,B,D,E,D,C,G,G,D,F,C,F,D,H,D,E,155860
C,C,A,A,G,D,C,B,E,E,B,C,B,F,F,C,A,B,D,F,C,G,F,C,C,C,C,D,H,B,D,298781
G,G,F,E,I,D,D,C,C,I,I,A,B,C,E,E,A,B,B,B,C,G,E,F,H,F,H,G,G,C,F,260242
A,A,A,C,G,G,A,C,B,G,I,C,B,E,F,B,C,B,E,H,B,F,E,A,B,C,F,B,G,A,C,697959
E,E,I,J,A,B,B,B,D,F,F,E,C,A,A,C,E,B,D,A,J,J,D,G,A,C,D,F,E,C,A,586681
A,F,A,C,B,G,B,B,D,H,E,D,D,D,C,A,D,D,F,C,C,F,C,G,F,E,D,H,C,F,F,842635
E,G,D,D,D,B,A,A,B,I,F,E,A,G,C,C,B,B,C,B,C,D,B,A,E,D,C,C,G,B,B,150028
F,E,G,A,G,A,B,C,E,I,C,F,E,G,D,D,C,B,D,F,I,G,F,G,C,B,H,C,G,A,B,268728
B,E,H,J,B,A,B,B,D,C,I,A,B,C,G,F,B,D,D,F,D,J,F,F,C,A,D,H,D,C,D,592826
A,C,A,G,A,B,B,B,D,D,G,A,B,G,F,D,E,C,C,G,J,D,B,F,C,B,D,C,F,D,A,369594
A,A,D,F,D,E,D,B,E,A,D,C,C,B,G,G,C,A,F,G,D,D,G,D,B,C,D,G,B,D,B,643847
F,D,E,H,J,B,C,A,A,A,H,C,B,F,G,C,A,D,D,C,E,F,E,A,F,A,D,B,H,B,D,650272
G,E,E,H,E,B,C,A,B,I,B,A,C,A,D,F,C,B,D,E,G,G,E,H,B,A,F,E,B,C,D,166431
D,F,I,B,E,E,C,B,A,E,G,C,D,E,A,E,E,D,E,F,A,G,A,B,G,C,G,A,H,A,A,862784
F,B,D,F,D,C,C,A,C,D,C,A,C,D,B,D,B,A,D,D,E,J,D,A,F,F,G,A,H,A,B,573650
C,F,C,C,F,B,A,C,E,E,A,D,E,F,D,B,B,D,F,C,C,F,G,G,H,E,A,B,D,D,B,976325
A,G,D,B,I,F,A,B,E,G,G,A,C,B,G,G,C,D,E,B,B,C,E,C,E,A,A,A,A,A,A,724171
B,B,D,F,B,E,E,A,B,F,A,F,D,A,D,E,A,C,A,C,J,F,E,F,E,G,H,G,D,D,C,535680
D,F,E,H,B,E,D,C,E,B,G,F,A,B,D,B,D,A,F,G,E,A,D,E,A,G,H,G,A,C,E,985813
C,D,C,E,G,A,F,A,A,C,G,G,A,B,D,B,D,B,D,E,J,D,D,F,F,D,H,D,A,C,C,522172
G,E,F,F,A,F,F,A,C,B,E,E,E,D,B,A,B,D,E,F,G,E,F,B,E,D,H,C,G,F,E,279703
F,B,A,J,D,D,F,A,B,H,G,D,D,B,A,D,A,A,A,D,F,A,B,H,H,F,E,B,F,C,E,327765
D,F,H,F,G,B,A,C,C,A,F,G,E,C,D,E,A,A,E,D,A,F,G,A,B,D,C,G,F,B,F,837599
B,D,I,A,B,G,D,C,E,H,I,C,A,E,C,C,E,B,D,E,J,A,E,A,H,F,G,E,B,B,E,629817
B,A,G,B,H,B,F,C,E,H,C,E,D,C,E,B,A,A,D,B,I,H,E,H,A,C,A,B,B,G,A,516904
F,E,D,E,D,G,A,A,A,F,G,F,B,B,E,B,B,A,E,A,I,H,G,B,A,F,C,B,A,G,B,885018
A,G,A,B,E,C,B,B,E,H,D,G,C,D,B,E,B,B,A,A,F,J,B,D,C,B,A,D,G,B,B,298623
A,G,E,F,I,F,F,C,C,I,D,D,D,F,A,D,B,D,E,A,H,I,G,G,C,D,H,H,C,B,A,384669
E,F,I,F,F,E,B,A,E,F,G,A,E,C,A,D,C,D,A,D,J,H,F,G,C,D,G,A,C,B,C,416169
D,C,E,B,B,E,D,B,D,I,A,A,D,G,A,F,D,A,D,A,H,D,D,C,C,F,A,D,B,F,F,424840
F,G,G,D,B,A,C,A,B,F,I,D,D,G,B,D,D,B,A,H,H,F,G,E,D,G,D,D,B,F,D,936320
B,A,I,I,F,E,F,A,C,A,C,B,C,D,D,G,C,A,C,D,H,J,G,D,D,E,H,B,B,A,C,140248
E,B,A,E,F,E,E,C,D,G,H,B,B,G,C,E,D,A,C,A,E,E,D,E,C,G,D,F,C,D,D,182816
E,C,C,A,A,C,B,B,C,A,I,D,A,G,F,G,A,B,A,G,G,F,E,B,B,G,D,E,E,G,D,631166
G,A,A,E,I,E,C,B,C,C,E,B,E,C,D,C,D,B,D,G,D,H,G,H,F,C,D,A,D,A,A,561122
F,E,B,A,F,B,F,B,E,C,C,C,B,G,G,E,C,A,D,G,H,B,E,C,F,C,E,H,E,F,E,623714
A,B,D,F,H,A,B,A,E,I,I,G,E,G,A,F,A,C,D,F,D,D,C,B,H,E,H,E,H,C,C,739095
E,G,C,E,G,G,C,C,B,A,E,E,C,F,E,C,C,C,B,H,G,A,E,B,D,D,A,H,F,E,E,775212
E,F,F,A,I,D,C,C,D,C,C,B,E,A,A,A,C,C,B,C,B,D,E,D,H,A,H,A,D,G,E,922442
D,A,A,F,I,A,F,A,A,H,A,G,A,B,F,B,C,D,A,C,G,G,E,C,D,B,A,B,F,G,D,595390
C,A,G,F,J,F,E,C,D,A,D,E,D,B,C,C,A,B,E,G,A,I,F,D,G,F,G,B,B,F,A,192581
E,F,D,A,C,D,E,C,D,C,C,A,A,D,C,B,A,A,F,B,B,J,A,C,C,A,A,H,D,D,C,528352
D,D,D,F,H,C,F,C,D,C,G,F,E,B,B,C,E,C,D,C,G,G,C,C,D,C,E,D,D,F,C,554691
C,C,G,E,I,A,F,B,D,E,F,A,D,G,A,B,A,B,C,F,I,D,C,A,F,G,B,B,H,F,E,216889
F,D,H,I,F,E,B,B,A,A,C,C,D,F,D,F,C,D,D,D,D,A,A,E,E,E,H,C,F,A,A,911083
G,E,H,J,B,A,D,B,A,E,E,A,B,E,F,E,D,C,E,B,G,J,D,A,E,C,B,F,C,B,F,971849
C,E,E,C,H,C,F,B,C,B,D,C,C,D,D,G,A,B,A,H,A,D,E,D,C,A,A,A,G,A,A,784629
F,B,F,J,C,C,C,B,E,H,F,A,C,E,G,D,C,D,A,E,F,H,A,B,F,G,G,F,G,E,F,271090
F,E,F,I,A,B,D,B,C,I,F,F,D,A,F,B,A,D,A,E,G,B,A,E,B,B,G,A,H,A,A,703468
E,D,C,E,J,F,B,A,D,B,H,C,B,C,F,D,D,C,E,F,H,J,G,C,C,C,E,B,F,B,B,242538
G,C,I,B,G,G,E,C,A,A,C,C,E,C,C,G,C,C,C,A,G,J,E,F,A,G,D,G,B,E,F,969685
G,G,C,H,C,G,A,B,D,G,A,G,A,F,F,G,B,C,A,F,E,G,E,E,F,B,F,F,C,C,F,278925
D,E,E,J,I,F,C,B,B,B,D,F,C,G,B,E,C,C,E,C,E,G,B,C,B,D,H,E,C,B,C,115881
F,F,B,I,E,G,C,A,B,G,H,F,B,G,B,A,E,A,B,C,D,A,F,E,H,B,F,F,A,G,C,131428
D,G,D,J,D,A,A,A,B,C,A,D,A,B,F,G,D,B,A,H,E,E,F,C,D,C,F,G,G,B,A,130493
D,E,C,A,B,D,A,B,C,G,C,E,A,F,C,F,E,B,A,C,F,H,E,B,G,F,C,C,G,F,C,660731
F,A,I,C,A,E,A,C,A,E,E,A,C,D,A,D,D,D,E,H,H,B,D,D,C,C,F,F,D,C,C,895831
F,A,H,G,E,A,B,B,C,G,C,E,E,B,A,A,E,A,C,C,E,C,C,E,A,E,G,H,G,A,C,691747
B,D,C,H,A,E,B,B,D,G,D,E,E,E,E,C,C,A,C,E,B,E,G,B,B,B,D,E,G,D,E,435966
F,B,G,C,B,D,F,A,B,I,A,B,A,F,G,C,C,B,D,A,E,E,C,E,B,A,B,C,C,G,D,546310
A,D,C,E,E,A,E,B,A,D,A,C,D,C,G,B,C,A,E,B,E,C,C,F,C,D,D,B,C,G,E,239293
F,C,E,B,C,D,E,C,E,G,C,B,E,G,B,G,A,A,F,E,B,B,A,F,E,F,B,G,G,F,E,268325
G,F,G,D,C,D,C,B,E,B,C,A,D,A,B,F,A,C,F,B,C,A,G,C,A,G,G,F,F,E,A,292967
A,B,I,F,G,F,C,A,E,A,A,G,E,F,G,E,E,B,F,G,E,G,D,G,H,E,A,A,C,A,D,834238
C,G,C,I,H,F,C,C,D,F,F,C,E,D,E,C,C,D,D,C,D,A,F,E,G,C,G,G,F,G,B,768210
F,B,F,H,B,D,B,A,D,D,H,C,A,B,A,G,C,D,A,B,B,I,B,B,C,G,D,B,D,D,F,857059
E,E,A,G,C,C,F,C,B,A,F,D,E,B,G,F,B,B,B,D,D,H,B,C,C,G,E,D,E,B,A,245173
E,F,D,F,E,E,D,A,E,C,E,C,E,F,B,C,B,C,D,D,D,J,B,C,E,B,A,F,H,C,D,470899
A,A,G,E,D,C,D,B,A,D,H,C,B,D,B,B,E,A,D,A,C,E,C,C,E,A,G,E,A,D,E,294754
B,C,I,A,I,C,E,C,B,I,I,E,C,C,F,E,D,B,F,C,J,F,C,C,H,F,H,F,E,F,B,780817
F,D,H,A,J,G,B,A,D,F,C,C,D,F,F,A,A,A,A,B,D,H,G,B,A,A,A,G,B,B,C,426054
B,B,E,I,B,G,F,C,B,H,F,A,C,B,D,F,D,D,A,F,B,I,G,D,H,F,H,E,A,B,B,412446
G,A,I,A,H,B,B,B,C,D,H,G,B,B,E,C,E,D,D,B,E,B,F,E,A,A,H,A,G,G,D,458766
B,A,G,E,F,B,F,B,D,F,D,F,E,F,B,D,A,D,F,G,D,A,A,G,C,A,C,B,A,F,D,401116
A,G,D,B,B,E,F,C,A,A,D,G,E,C,D,G,D,D,C,H,D,C,D,C,G,F,F,C,E,A,F,196611
F,B,I,A,D,D,B,A,C,C,I,B,D,F,A,G,E,B,B,B,A,H,D,B,B,G,G,G,B,C,D,247884
G,E,G,E,B,B,C,C,B,G,E,C,D,E,F,A,C,A,A,D,I,D,A,C,C,D,D,A,C,E,E,276442
E,D,E,A,I,D,A,B,B,C,I,D,D,E,G,B,C,A,D,C,C,E,A,E,B,E,A,E,E,B,E,923800
G,E,G,C,J,B,A,A,A,F,D,F,A,D,F,D,B,D,B,F,A,G,D,B,H,C,E,A,A,A,D,634215
A,G,A,B,E,A,B,A,A,I,G,C,A,A,D,D,B,D,B,H,I,I,A,E,E,A,A,E,F,C,A,792719
C,A,A,E,D,E,A,A,C,B,D,B,B,F,D,B,B,B,C,C,H,E,G,C,H,A,D,H,H,E,B,232545
A,E,G,C,D,E,A,C,E,H,E,G,D,G,F,A,C,A,C,D,G,B,A,H,B,E,A,C,F,B,E,340318
A,C,B,C,E,B,D,A,B,G,D,F,C,A,E,B,A,C,F,F,B,B,D,F,F,E,A,A,E,F,E,724502
B,F,D,J,B,B,C,A,A,I,C,C,A,C,B,F,C,B,B,G,J,F,C,H,E,A,A,H,A,G,B,412332
A,D,D,C,H,F,B,C,D,H,E,C,A,A,B,G,B,C,D,H,J,E,C,D,F,F,G,B,D,A,A,869464
A,B,B,B,G,C,E,C,D,C,A,A,D,F,G,E,C,C,D,E,F,J,E,G,A,G,D,A,H,D,A,558333
B,B,B,A,G,D,A,C,B,E,C,F,E,C,E,D,C,D,D,D,G,E,B,B,A,G,B,F,G,G,E,192898
C,G,H,E,C,D,E,A,C,F,F,B,E,F,D,F,A,C,A,G,C,C,F,H,H,A,C,B,D,E,E,306025
A,G,I,C,D,D,E,A,A,F,A,G,B,D,G,G,A,C,C,G,J,H,C,H,A,D,H,C,G,G,C,238861
B,A,C,A,B,G,C,C,C,H,H,E,D,E,D,C,E,D,D,H,C,D,A,A,C,B,H,F,C,A,F,327311
A,F,F,A,F,C,C,A,D,F,B,D,B,C,B,B,B,B,E,H,I,H,G,H,E,D,C,G,H,D,C,842695
C,B,B,I,G,G,D,A,C,B,I,G,A,C,E,E,C,B,D,D,J,E,B,G,B,E,H,D,C,D,F,339410
G,G,A,F,J,D,D,B,A,I,F,E,E,A,F,F,B,B,B,C,B,G,D,G,D,E,C,G,C,D,E,800891
E,E,F,I,I,F,C,C,C,G,C,F,C,G,A,E,D,D,E,H,B,J,G,C,E,D,H,G,C,D,C,376224
F,D,E,B,I,C,A,B,A,G,I,F,E,F,D,F,C,D,C,E,G,G,G,B,H,F,A,D,F,A,D,603981
A,B,C,A,J,F,F,A,D,A,I,A,C,C,F,D,E,A,A,F,G,E,E,A,E,D,G,D,E,D,A,206623
D,C,A,F,F,B,F,C,E,B,I,B,D,B,F,B,B,B,A,A,E,D,A,C,A,C,F,G,C,C,E,846196
E,B,C,B,A,B,A,C,A,I,G,D,E,E,F,E,E,A,F,D,J,A,B,C,H,B,E,F,H,G,B,872918
E,D,E,J,D,G,C,A,C,E,A,E,C,F,F,C,E,B,D,E,I,D,C,C,E,A,D,D,A,F,F,228068
G,A,D,E,A,G,E,B,A,H,G,C,A,E,E,A,A,A,F,G,H,D,C,D,H,D,E,H,F,G,D,572895
C,D,B,G,C,F,C,C,B,E,A,G,C,A,D,A,C,B,B,F,A,D,F,G,E,F,F,D,C,C,F,272670
B,B,B,J,A,A,C,B,B,I,I,E,A,A,F,C,A,A,B,F,C,C,C,H,G,G,G,F,D,A,E,277712
E,G,A,F,J,B,D,C,B,H,G,G,D,E,A,A,E,D,C,C,D,A,C,B,H,A,F,C,B,B,D,232316
A,D,H,J,B,F,D,A,A,F,H,G,E,F,A,D,B,C,B,E,H,A,D,A,D,B,D,G,E,G,A,618647
F,C,G,H,A,A,A,C,B,I,I,C,C,A,B,F,E,C,A,C,E,D,E,C,F,D,H,C,E,A,C,754900
D,B,I,C,A,D,F,A,E,B,A,A,E,D,A,B,E,C,E,B,J,B,F,E,D,D,D,H,G,E,D,430576
F,D,B,D,G,D,A,A,E,H,B,D,A,B,D,D,B,D,F,H,A,B,E,C,H,G,A,A,B,A,E,375872
D,C,H,A,A,D,B,A,B,A,F,F,D,C,C,F,D,A,E,D,I,B,C,H,H,C,E,B,B,B,E,447937
C,C,I,F,D,C,D,A,E,H,A,D,C,B,G,B,D,D,B,A,H,F,G,G,G,A,D,E,G,D,A,322212
G,B,G,E,I,D,D,A,B,G,B,G,A,A,F,A,D,A,B,E,H,J,A,D,H,G,E,C,F,G,D,570766
G,G,H,F,F,D,B,C,B,H,F,E,D,D,G,G,A,B,A,C,J,H,D,E,E,A,H,E,G,C,A,161152
G,C,I,C,A,B,A,A,B,I,C,D,D,F,A,D,B,D,A,F,G,F,A,E,G,F,G,H,B,B,C,255755
G,E,A,C,H,A,C,B,B,C,G,D,B,D,G,G,D,D,E,C,B,I,G,G,F,F,H,G,H,A,A,549179
B,G,C,F,J,D,A,C,C,B,B,F,B,E,E,F,E,A,A,A,J,I,E,A,B,G,E,G,C,B,A,991317
C,F,G,G,E,B,C,B,C,D,E,B,A,B,A,D,E,D,F,D,B,I,C,D,F,D,E,C,F,E,A,313823
C,D,D,B,F,A,D,A,D,E,E,D,A,D,B,B,B,B,E,H,J,A,D,B,B,F,C,C,C,D,D,337131
G,E,D,D,E,F,B,B,C,A,D,A,A,E,B,C,D,B,B,A,B,H,G,D,G,G,H,H,E,G,E,450420
F,E,A,F,E,C,F,C,A,G,F,D,E,D,E,G,B,C,F,E,G,B,E,E,A,B,B,B,H,F,A,340367
G,B,E,B,A,F,E,A,A,C,F,A,D,E,B,E,B,D,A,A,G,E,F,G,G,A,C,A,C,C,F,123685
F,E,G,D,G,B,C,C,D,B,D,C,D,E,A,F,E,C,F,H,D,A,A,C,D,D,E,G,D,B,D,968340
C,E,B,A,G,F,C,B,E,G,B,A,D,E,B,D,A,C,A,F,D,A,C,A,G,A,G,E,G,A,D,381820
D,F,H,I,E,D,C,B,D,A,A,A,B,A,E,C,A,C,A,E,J,G,D,H,H,A,C,A,A,E,F,775852
D,F,C,A,I,D,F,B,C,A,B,E,E,E,E,E,D,A,C,C,B,J,E,G,F,F,A,G,H,C,F,630633
D,C,D,C,C,E,D,A,E,H,A,E,D,F,D,A,D,B,C,G,D,F,C,D,B,B,H,G,B,B,E,390890
A,G,A,B,J,F,B,B,E,D,F,A,B,C,A,C,D,A,B,B,J,I,C,B,H,A,D,G,H,C,D,233756
C,F,B,G,A,B,D,B,C,I,E,D,A,C,G,D,B,B,E,C,F,F,D,H,F,D,G,B,D,B,F,285952
D,G,G,B,G,C,F,B,B,D,A,A,B,B,E,B,C,C,C,C,E,J,G,E,F,A,E,G,C,G,A,951537
B,G,D,H,B,B,C,C,D,I,C,F,D,E,D,C,A,C,A,C,A,A,A,E,H,A,B,G,A,B,E,114042
D,B,I,E,C,C,F,A,B,D,G,F,C,G,C,F,A,C,B,E,E,A,F,C,A,G,G,B,C,A,C,750743
G,F,C,E,F,C,F,A,C,G,B,D,E,A,B,A,A,C,B,B,E,E,C,H,F,F,H,F,B,B,F,702346
B,B,B,B,B,D,E,A,A,F,A,C,D,E,F,F,B,C,C,B,H,D,E,A,E,F,D,A,E,C,E,664070
B,B,E,A,E,B,E,A,C,E,H,C,B,E,C,A,A,A,E,D,J,A,F,G,B,D,D,A,B,A,E,868215
D,C,C,J,H,C,A,A,E,F,H,A,A,E,F,D,B,D,D,G,G,J,B,D,E,D,E,C,A,B,D,584463
E,G,H,A,H,C,E,A,B,G,E,C,C,C,F,B,C,C,F,B,C,B,G,G,H,G,H,H,C,C,B,295328
F,B,C,C,J,C,A,A,E,I,I,B,A,E,G,A,C,A,F,G,I,H,E,G,C,F,A,C,D,G,B,796955
G,E,A,G,E,D,D,C,A,H,H,B,D,A,C,A,B,C,A,A,B,H,B,E,H,G,F,D,A,A,F,997848
A,A,E,D,H,C,C,C,A,F,F,G,A,D,F,F,A,A,B,F,F,J,C,D,H,D,B,B,A,C,F,415283
D,B,I,G,I,B,F,A,B,G,C,F,A,E,E,E,C,B,C,D,B,A,G,E,A,D,E,G,E,C,F,921504
F,E,I,C,B,A,F,B,B,H,H,G,A,D,C,B,D,C,F,B,J,F,D,E,F,F,H,A,E,G,D,371756
D,C,A,F,H,C,D,A,D,F,F,C,E,E,A,F,C,C,E,H,A,H,D,G,A,C,D,F,C,D,F,157949
D,F,H,D,E,D,E,C,D,F,G,B,D,F,G,C,C,A,E,D,A,B,C,G,C,C,H,B,F,G,F,522091
D,G,A,D,C,F,F,A,E,E,G,E,C,C,C,E,D,C,C,A,J,E,G,A,A,A,B,D,A,C,A,326450
A,F,D,D,I,B,F,B,E,F,G,D,A,G,C,A,B,D,C,A,H,G,D,F,H,E,C,D,D,A,A,290752
B,G,D,H,C,C,C,C,B,D,A,G,D,A,B,C,C,D,A,G,C,H,G,A,E,F,D,E,G,B,E,404041
E,C,F,B,E,C,A,B,B,C,E,D,B,F,F,G,B,D,C,B,A,A,A,G,D,D,H,E,A,B,A,636836
G,C,I,J,J,G,B,A,B,B,C,A,D,C,B,G,A,C,A,E,D,E,D,C,E,E,E,A,A,A,B,317890
B,B,D,H,B,A,B,A,D,B,E,A,B,F,C,G,D,A,A,F,J,A,E,E,E,G,B,D,A,C,F,945294
F,D,H,F,D,D,A,A,E,I,A,A,E,B,C,A,D,C,F,H,J,A,B,C,F,A,F,G,F,G,A,319165
D,F,G,H,D,F,C,C,C,A,I,A,B,B,B,F,C,C,E,C,A,A,B,F,E,A,C,A,H,C,A,570915
D,C,A,E,G,A,D,A,B,A,B,E,C,E,B,E,E,B,C,F,B,F,G,C,D,D,H,H,E,F,E,879239
E,D,A,F,J,C,B,C,D,C,D,F,A,F,E,D,A,B,A,H,I,A,F,G,H,C,E,C,G,B,A,223173
A,F,D,G,G,D,A,B,D,B,C,A,A,B,E,B,B,D,C,A,D,H,C,A,E,F,H,A,E,G,B,931746
E,D,D,C,A,G,D,C,B,C,A,F,D,D,F,A,E,C,E,E,B,C,D,E,H,E,G,B,A,F,B,783310
B,F,D,D,A,C,B,B,A,H,F,B,E,F,D,F,B,B,A,E,D,E,A,E,D,A,G,D,D,E,C,496663
G,C,F,G,F,B,B,B,C,D,C,G,D,G,C,D,D,A,E,E,H,D,B,G,E,D,C,B,H,G,B,302978
D,F,A,B,A,D,C,B,B,A,C,B,B,B,G,D,C,A,C,B,F,D,A,B,F,E,E,D,D,B,E,566449
E,F,I,J,B,F,A,B,C,B,F,G,C,F,F,C,A,C,B,G,E,G,G,H,D,E,D,A,G,G,F,544767
D,B,D,B,D,D,C,C,E,H,H,E,A,C,G,A,A,D,E,D,H,H,A,D,D,C,F,B,H,F,A,578924
F,A,C,A,E,F,C,A,C,B,I,E,C,G,C,B,E,B,C,A,A,G,F,D,C,F,A,G,D,B,B,906577
F,G,D,H,A,A,B,C,A,B,C,G,E,A,D,B,B,D,B,G,F,J,E,D,A,C,A,G,E,F,E,914369
A,F,I,D,A,E,C,B,C,H,G,C,C,G,A,E,B,A,C,A,B,F,A,G,H,G,G,A,D,B,E,353936
E,C,F,C,F,B,D,C,E,C,D,F,B,A,D,F,E,D,C,H,B,C,E,C,G,G,E,B,C,D,E,770716
A,C,G,G,C,G,C,A,B,H,F,C,C,C,F,D,A,B,C,E,G,B,E,A,C,C,G,F,C,E,B,776124
G,G,E,D,J,E,A,B,E,C,F,C,B,A,G,F,E,D,F,D,D,D,B,H,G,B,F,F,E,F,D,982498
B,D,G,H,F,F,B,B,C,F,C,A,E,B,E,C,A,C,F,B,I,I,G,B,E,B,H,F,A,A,E,586821
G,E,E,C,F,E,B,C,D,E,A,D,B,A,B,D,C,A,A,D,D,H,B,E,D,B,B,H,A,A,B,813144
G,D,G,G,I,B,B,B,B,I,A,D,D,A,C,D,B,A,B,G,C,H,B,B,F,B,E,H,E,F,E,375714
B,E,H,D,A,D,A,B,B,D,D,G,A,D,A,B,E,C,B,H,F,F,G,E,B,D,G,B,E,E,F,585661
C,G,A,C,B,F,B,C,C,D,F,A,B,G,E,C,C,B,A,E,I,G,F,E,G,B,H,D,C,A,C,185923
B,E,B,H,A,C,C,B,B,F,A,F,B,E,D,E,D,B,C,G,F,F,B,F,G,F,G,E,D,D,B,289773
C,G,G,G,A,E,F,C,E,G,F,B,E,E,A,B,E,D,E,D,A,A,E,B,C,C,A,E,D,F,F,410925
A,G,E,F,B,F,D,B,E,D,C,A,B,F,F,A,E,B,E,B,G,A,D,C,D,A,A,C,B,E,D,857288
E,D,H,A,E,B,E,C,C,I,E,E,B,G,A,B,B,C,E,F,A,H,C,H,H,G,H,F,G,G,B,617399
G,F,D,E,F,B,B,A,B,E,E,B,B,B,A,E,C,B,E,D,G,E,A,A,C,C,C,C,D,D,A,295395
C,G,C,E,C,C,B,A,E,B,A,F,E,A,G,F,E,B,A,E,H,I,G,B,H,D,H,A,H,G,C,266363
B,G,D,D,B,C,E,C,D,D,G,A,D,C,G,B,D,B,D,H,D,C,E,C,H,F,D,F,G,A,D,773459
A,A,A,I,J,G,B,C,E,C,C,B,B,C,A,D,B,A,A,H,F,H,C,H,G,E,G,D,E,E,B,503939
G,E,D,D,C,B,A,A,B,D,C,G,B,B,E,C,E,B,A,H,B,G,F,H,D,E,F,E,B,B,A,707326
A,C,F,D,G,D,A,A,E,G,I,C,B,C,A,C,D,D,F,D,F,C,G,A,C,D,A,F,E,G,E,319367
A,C,A,D,F,C,B,C,A,E,B,B,B,E,B,B,B,C,E,B,G,J,B,D,G,F,H,E,F,A,E,625666
B,B,B,G,E,F,B,C,B,F,A,F,A,D,B,E,B,C,A,G,G,J,C,F,A,B,D,A,A,E,B,925676
G,E,A,D,E,C,C,C,E,G,G,D,E,A,G,B,C,B,E,C,I,D,A,F,E,F,G,D,C,B,E,859931
C,A,F,H,E,A,C,C,A,F,C,G,B,E,D,G,C,A,B,D,G,C,E,C,C,F,G,C,B,B,C,322357
E,B,B,I,H,G,C,C,E,I,D,F,C,C,C,B,C,A,F,D,D,F,D,G,A,B,F,A,D,F,A,178510
C,D,H,I,J,D,F,C,B,C,F,F,E,A,A,F,A,A,D,B,H,A,D,F,E,B,F,A,D,B,F,372837
B,B,A,C,H,F,E,A,E,D,G,F,D,G,C,A,C,A,C,G,A,C,A,G,H,C,B,G,A,G,B,756626
G,B,A,D,D,C,D,A,E,I,C,B,E,A,A,F,C,A,F,H,F,J,G,C,D,G,F,H,D,A,C,298709
D,D,B,D,G,D,C,C,E,E,A,E,D,D,F,C,E,B,E,H,A,D,D,F,A,E,H,G,C,D,A,134558
B,D,H,H,C,A,C,B,B,A,G,G,D,D,D,C,A,D,A,D,A,A,F,H,A,C,H,A,F,G,A,938521
D,C,G,B,C,B,C,A,D,D,E,D,E,F,E,G,A,D,A,B,A,F,F,B,D,C,G,C,H,G,E,829577
F,E,A,H,G,F,B,A,C,C,G,D,B,D,F,B,E,B,F,F,G,D,E,E,H,A,G,G,F,A,F,978675
D,C,B,I,D,D,B,C,C,H,H,E,C,A,F,G,C,A,D,A,A,A,F,A,C,D,G,D,H,D,C,191719
F,A,E,I,C,C,A,C,C,D,B,A,D,E,E,E,C,C,D,E,C,A,B,C,G,B,A,H,D,E,E,785627
C,B,D,C,G,A,E,A,E,A,C,B,A,F,E,E,C,C,F,D,H,F,G,F,C,G,B,F,A,D,F,916413
C,G,D,J,D,B,A,C,E,F,D,F,B,F,E,B,A,A,C,C,E,B,C,B,B,C,G,C,F,C,D,216339
E,E,H,J,C,D,C,C,A,F,B,E,E,D,G,B,E,A,C,G,E,D,B,F,D,B,H,H,F,D,B,215453
C,E,F,H,C,G,F,A,C,D,I,A,E,G,F,C,B,B,C,G,B,D,A,E,H,A,C,C,B,C,D,484452
E,G,D,H,H,G,F,B,E,F,I,C,C,G,C,F,E,C,F,A,B,I,A,D,F,G,D,E,D,A,C,489102
B,G,H,B,H,G,B,A,E,G,I,F,B,A,G,F,D,B,F,B,G,E,E,B,D,E,G,E,A,F,C,838726
F,G,I,A,H,D,F,B,B,H,H,A,D,G,C,D,C,D,D,A,I,A,E,C,C,A,E,H,F,E,D,969950
G,G,G,I,D,D,E,C,E,B,H,B,C,A,A,B,E,A,E,E,D,D,D,G,C,B,H,A,F,G,D,850980
F,A,E,B,H,D,E,C,E,G,G,E,A,A,D,A,A,B,A,F,C,E,D,B,D,D,D,B,C,G,A,175515
A,A,D,E,H,E,A,C,D,E,A,B,A,C,A,A,E,C,B,D,D,J,F,B,G,A,C,A,B,D,A,485207
A,E,D,J,B,A,A,A,B,F,A,C,A,G,A,G,D,C,F,A,J,A,E,E,G,B,B,A,E,D,F,994880
D,A,B,J,E,C,F,B,B,E,B,D,E,E,B,A,C,A,B,E,I,C,E,E,B,A,F,B,H,D,C,434535
D,A,A,F,H,E,C,B,E,G,B,A,E,E,D,F,D,B,D,D,E,D,F,E,A,A,H,F,C,F,A,958707
F,B,I,D,H,B,C,C,D,B,G,B,D,D,F,G,B,D,A,B,E,H,B,D,C,F,B,C,A,C,B,999789
E,A,A,I,E,C,B,C,D,G,B,G,E,A,A,A,D,B,E,C,A,J,C,C,A,A,E,B,A,F,D,234805
A,E,D,D,I,F,B,A,B,D,G,E,E,F,C,F,C,D,B,E,E,J,G,D,E,A,B,E,H,D,B,936197
C,A,G,I,E,C,A,C,C,A,I,F,E,D,F,C,E,C,A,D,I,J,D,D,H,A,G,F,E,G,E,121475
E,B,A,D,D,B,D,C,E,F,H,G,D,D,F,B,D,D,E,G,A,B,E,C,A,G,A,H,G,A,F,978670
A,B,G,B,E,B,B,A,D,D,E,D,C,A,D,D,D,D,E,A,E,B,F,E,D,G,G,E,H,B,C,835027
D,A,I,E,B,E,C,B,D,H,F,B,C,G,B,A,D,B,C,A,J,I,B,E,G,B,D,A,F,C,B,590562
C,G,G,E,H,F,C,C,E,A,A,A,B,C,F,D,C,D,B,G,I,B,A,B,A,B,F,E,A,E,E,167125
E,A,C,E,B,E,F,C,A,F,I,E,D,D,E,A,D,B,F,H,E,A,E,F,C,G,E,C,E,D,F,746567
G,F,A,C,J,D,A,B,E,F,C,A,E,A,E,E,B,A,B,G,I,F,G,F,A,E,D,D,A,E,C,449927
C,C,H,F,A,F,C,B,E,I,F,G,E,F,A,D,D,D,D,B,B,F,B,D,C,F,F,H,A,E,A,560443
E,A,I,J,C,A,F,A,E,A,I,F,E,D,A,E,E,A,C,A,C,E,G,A,F,C,H,D,E,G,D,614150
G,G,I,C,A,G,D,B,C,I,A,A,B,A,C,G,C,A,C,D,H,D,F,E,A,B,B,B,F,F,D,571138
F,F,C,E,E,E,F,C,A,G,B,E,C,A,F,A,B,A,C,G,J,C,E,C,H,G,F,C,G,B,A,556847
G,G,B,E,C,C,E,C,D,H,D,G,D,B,A,B,D,A,E,B,H,F,B,C,F,B,F,H,B,D,A,247829
E,D,H,H,F,D,E,B,C,B,C,D,C,G,G,C,C,A,A,A,J,E,B,F,A,F,C,G,H,E,C,878148
B,A,C,C,G,G,D,B,B,G,B,B,C,E,B,C,C,A,F,B,F,E,D,G,A,F,A,F,A,E,E,392612
A,A,G,B,D,A,D,B,C,D,E,C,C,G,B,A,B,C,D,F,D,F,E,D,H,C,H,D,C,A,F,464265
G,F,D,I,C,E,B,C,B,E,I,A,E,G,C,B,B,B,A,F,I,B,C,E,C,D,C,F,A,G,C,784726
F,G,E,G,I,B,D,B,D,A,H,D,E,B,B,F,A,B,F,G,F,B,F,E,E,G,B,A,D,B,F,441306
C,A,G,B,B,C,E,A,E,D,G,D,C,A,G,F,A,D,D,E,G,C,B,C,H,A,F,F,H,G,B,417490
E,E,D,I,B,F,B,A,A,A,A,C,C,D,G,G,C,D,A,D,J,E,A,E,C,D,C,A,H,G,C,749900
D,C,F,F,J,F,D,C,E,I,D,C,E,B,E,E,A,C,C,H,G,C,G,B,F,A,H,F,B,C,E,687103
A,B,D,C,D,A,A,C,D,I,H,F,A,G,E,B,D,A,A,B,A,H,G,H,D,F,D,G,F,B,E,622884
E,E,C,C,E,G,D,B,C,B,B,E,E,F,A,C,D,A,A,B,I,J,F,D,G,A,B,F,F,F,C,353784
F,F,A,F,B,E,D,A,B,F,H,G,B,E,D,C,D,D,B,C,E,G,D,G,D,C,B,D,C,E,E,255250
C,B,B,C,H,E,E,C,E,E,G,E,B,D,F,A,A,D,A,B,F,E,B,D,H,B,G,H,A,B,B,867400
F,E,A,I,C,A,B,C,D,G,H,B,D,A,F,G,B,B,F,G,H,G,A,H,B,C,F,G,G,E,F,377558
F,B,A,D,C,B,B,B,D,H,E,B,E,B,B,A,D,A,C,E,G,J,C,A,G,A,H,G,C,A,F,505795
F,G,I,J,F,D,F,A,C,G,E,A,B,F,C,D,C,B,A,B,F,C,D,G,F,E,H,F,D,C,D,497981
D,F,D,E,I,B,A,B,D,C,E,G,D,C,A,D,E,D,A,F,C,E,E,B,D,D,H,E,G,B,A,533776
E,G,I,A,D,A,C,B,D,I,H,D,B,E,F,A,C,C,A,F,F,C,C,H,A,G,B,C,A,F,E,503018
A,E,C,F,H,A,E,B,D,E,G,E,D,G,F,A,A,D,E,C,I,G,A,B,F,D,D,A,B,G,B,593231
E,A,G,I,C,B,A,B,A,I,B,C,D,G,B,G,C,C,A,D,F,G,B,E,A,C,C,F,C,C,F,729615
G,A,I,C,B,F,B,B,C,F,G,B,D,D,E,A,E,B,D,C,A,C,C,H,A,C,A,D,F,B,C,396086
E,D,A,F,C,B,C,A,A,I,F,C,D,E,D,C,C,B,B,D,D,D,F,E,E,C,H,B,F,C,E,432900
F,G,B,A,G,C,F,C,E,F,A,D,D,F,E,A,E,C,E,B,I,J,D,G,H,A,H,F,D,G,E,867707
F,D,B,F,A,B,F,C,B,A,G,G,C,E,G,F,B,D,F,C,A,I,E,E,C,C,C,A,E,C,B,241270
D,G,E,H,E,B,A,B,D,G,I,B,C,F,G,E,C,C,E,C,F,I,E,A,B,D,A,C,C,G,D,297098
G,C,H,D,A,D,D,B,A,A,F,C,B,A,E,B,A,C,D,A,I,H,E,D,F,B,E,D,G,E,A,170583
D,A,G,J,G,E,F,A,E,G,F,E,C,C,E,F,A,A,B,A,D,B,C,A,G,A,D,H,D,D,E,817363
A,C,F,B,F,D,D,C,C,H,E,F,E,G,F,A,C,C,C,C,C,C,A,D,H,D,A,A,E,C,B,648947
E,B,D,H,E,F,A,A,A,I,G,D,B,D,G,C,D,A,C,D,J,B,D,C,F,D,C,E,D,D,B,670515
F,F,A,A,A,E,B,B,D,E,G,A,B,A,G,E,A,D,C,B,H,F,B,B,G,G,D,B,E,B,C,483965
B,G,B,A,B,E,F,C,D,H,B,B,D,D,B,F,C,D,F,D,H,C,E,B,D,E,D,F,E,D,C,136354
A,C,H,H,B,B,A,C,C,A,B,D,C,C,F,F,B,D,C,H,I,D,C,F,A,A,H,C,A,B,C,155828
D,F,B,H,I,C,E,C,E,H,E,E,A,E,B,F,B,B,A,A,C,J,C,C,G,B,G,B,C,A,C,718003
B,E,F,B,H,C,A,B,C,B,B,E,E,G,F,F,D,B,B,C,B,A,G,H,D,D,B,H,G,D,E,387239
F,A,D,H,G,B,B,B,B,A,C,E,B,A,E,A,B,C,A,D,B,C,A,G,H,D,D,C,C,D,D,280973
G,C,I,A,I,B,A,A,C,F,F,F,E,D,E,G,C,C,E,E,H,G,G,B,F,D,E,G,D,B,A,988077
E,G,E,A,J,B,F,A,E,A,G,F,E,C,C,E,A,C,D,H,A,A,F,F,B,A,A,H,D,F,C,464509
G,G,E,C,D,D,E,B,D,H,F,A,B,B,G,B,E,C,B,G,D,E,C,F,F,A,D,G,C,G,B,732934
E,B,C,J,I,D,C,B,D,A,I,A,C,E,B,A,D,D,C,B,F,I,E,A,A,D,C,A,G,F,F,688465
C,D,D,A,E,D,C,C,A,A,D,D,E,E,G,A,E,B,A,B,I,A,D,E,H,F,E,G,D,E,E,816556
C,B,F,I,D,A,E,B,E,B,A,F,A,G,B,G,C,B,D,B,G,J,G,B,H,F,D,C,E,E,B,473841
A,E,E,H,E,E,C,A,B,G,F,C,A,F,E,D,D,A,B,H,D,A,F,C,E,G,G,G,D,B,B,854387
A,B,I,F,G,A,A,C,C,C,G,G,E,C,B,F,C,D,A,F,B,H,A,E,H,C,C,D,C,C,E,705195
A,E,F,H,E,C,E,C,A,B,C,E,D,E,D,A,B,B,F,A,A,I,D,B,F,B,B,B,B,F,D,584957
D,A,B,C,A,D,F,A,A,G,D,B,E,G,C,E,D,B,F,A,E,I,C,H,C,A,E,E,F,B,D,333049
C,F,E,J,H,C,F,B,B,B,G,B,D,C,F,A,D,A,D,H,J,I,E,A,E,D,C,D,E,E,E,792456
F,D,B,C,A,E,F,C,A,C,C,A,B,E,D,D,B,D,E,C,H,B,A,C,A,G,D,C,E,D,D,575466
C,C,G,A,A,G,B,C,C,F,F,E,B,D,F,C,B,B,B,G,B,A,D,D,G,E,H,F,C,B,E,267104
B,B,B,C,H,G,C,A,D,E,A,D,E,E,F,D,C,B,A,F,B,A,B,B,C,F,H,D,A,G,D,590788
B,D,B,B,B,B,B,C,B,B,H,A,D,A,D,F,B,B,C,F,J,J,F,G,A,D,D,H,C,F,A,677947
A,F,E,E,J,C,B,B,A,G,A,A,D,A,F,D,A,D,E,A,B,J,G,H,A,E,D,B,G,F,B,456211
A,E,G,D,E,B,D,B,E,F,H,G,D,D,A,G,C,C,B,C,H,H,G,E,C,G,C,H,D,A,A,932801
E,G,B,A,C,E,A,C,C,H,H,F,A,C,B,A,B,C,C,E,E,F,C,H,B,B,B,E,E,B,B,314917
D,D,H,I,J,G,B,B,B,F,H,B,D,F,C,D,B,B,E,F,D,E,E,C,B,A,D,H,D,B,C,257754
D,C,A,E,A,F,C,A,A,E,H,A,D,E,G,B,E,C,A,A,J,C,D,H,G,A,B,D,C,E,F,492695
D,F,C,E,H,A,A,B,D,E,E,B,B,C,C,E,C,B,B,D,F,J,A,F,B,F,G,G,F,A,E,517854
B,F,A,E,A,D,D,C,C,A,G,E,E,A,F,C,A,D,E,H,A,A,D,D,A,F,H,E,A,C,A,501232
F,G,E,H,I,A,D,B,E,G,I,A,C,F,D,C,D,B,E,H,H,G,F,A,B,F,D,B,G,G,D,246706
D,F,I,D,A,B,C,A,E,D,I,F,A,B,G,B,D,D,B,D,A,D,A,E,F,A,H,G,G,G,C,462938
A,C,H,H,J,D,D,B,C,B,C,B,C,D,E,G,D,A,F,C,C,J,G,H,H,C,G,A,A,B,E,562210
E,F,A,A,H,B,D,A,D,E,D,E,B,G,A,B,A,C,A,E,D,F,F,F,C,A,C,A,G,F,A,551785
C,F,C,G,J,A,A,C,E,F,H,C,D,G,A,A,D,A,E,G,B,C,G,A,G,E,D,D,E,F,B,557788
C,B,D,J,H,A,C,C,B,D,C,G,A,D,B,F,A,C,F,D,C,I,E,H,H,F,H,F,C,E,E,378084
G,A,I,G,D,A,F,C,D,C,H,D,C,F,F,E,B,D,A,B,H,F,A,F,E,G,H,B,A,C,B,149498
F,G,A,J,D,D,F,C,C,E,A,C,A,A,C,A,D,B,C,E,E,C,G,D,C,C,H,E,F,D,A,526658
D,D,D,D,J,E,E,B,E,G,A,B,B,A,C,F,A,A,D,H,C,A,A,E,D,E,G,A,B,G,A,675112
A,B,E,H,A,F,A,C,E,I,G,C,E,A,B,A,B,D,B,C,I,A,G,G,D,E,F,G,G,F,D,434718
D,A,D,J,H,G,E,C,D,H,G,F,C,C,C,B,A,C,B,A,J,C,E,H,F,E,B,D,H,G,A,258727
G,E,C,B,B,E,D,A,E,E,A,D,B,A,A,G,B,A,B,B,B,J,G,F,F,G,C,G,H,E,C,503568
C,E,B,C,B,E,E,C,A,E,B,A,D,B,G,B,A,D,D,F,D,D,D,D,D,D,G,F,F,F,E,885294
C,C,G,I,D,F,C,C,D,C,I,C,E,B,D,B,E,A,D,E,G,D,D,E,G,A,D,D,D,C,A,839784
G,C,C,E,C,F,A,A,C,E,G,D,B,D,E,B,D,D,A,A,I,B,E,D,B,A,C,G,A,G,A,792786
F,G,E,H,I,C,E,B,A,I,C,G,C,F,G,G,C,A,D,C,E,H,E,D,A,A,C,A,D,E,F,764540
C,E,G,B,J,G,B,C,A,H,G,G,B,F,D,D,A,C,B,G,G,D,E,G,F,G,G,G,D,D,A,636261
F,G,D,I,C,F,D,B,A,B,I,D,A,A,E,F,B,D,B,H,D,B,F,H,B,F,H,B,D,A,D,926231
A,E,B,D,A,G,D,C,E,D,B,C,C,A,B,D,A,C,F,G,D,A,E,G,D,A,F,F,B,A,F,202267
A,C,E,C,A,A,F,A,E,A,E,E,C,G,C,G,B,B,A,B,D,E,E,E,C,B,E,B,D,C,D,556837
G,C,A,E,B,A,E,C,A,I,D,D,A,C,F,C,C,D,F,E,C,C,A,H,B,G,D,E,B,F,B,818127
A,G,D,D,A,F,C,C,B,F,F,E,C,F,D,F,B,A,B,B,I,C,G,F,A,E,B,B,F,B,A,699196
D,B,C,H,D,F,B,B,A,C,F,E,D,G,F,B,E,B,C,C,G,H,E,F,E,B,E,A,H,F,C,111349
F,G,A,A,I,E,F,B,A,H,H,C,A,E,B,B,B,B,F,F,C,A,C,G,B,F,C,G,C,C,A,352848
E,B,G,F,C,E,E,C,D,H,H,C,A,C,F,E,C,A,B,B,I,J,B,F,A,C,G,B,E,B,E,995527
B,G,A,D,H,C,D,C,B,F,F,D,C,G,F,C,C,B,A,D,H,B,D,F,E,G,E,G,G,A,E,440476
A,G,C,E,C,G,A,A,B,C,G,D,E,A,C,D,E,C,F,D,H,J,F,C,A,C,B,F,E,F,E,263963
A,G,B,J,H,C,A,C,E,B,C,B,C,G,C,C,D,C,D,A,J,A,G,B,C,D,E,D,H,B,E,635800
G,F,G,A,F,B,D,B,E,C,F,A,B,G,B,G,C,A,A,B,B,B,A,E,A,G,E,D,D,B,E,242093
D,D,B,G,E,F,F,B,E,C,E,F,B,A,B,B,D,B,C,H,A,G,D,E,G,B,C,D,E,F,D,800807
A,C,D,F,F,G,B,C,E,A,B,E,E,F,E,B,A,C,B,H,F,D,C,D,B,E,A,B,B,G,F,789772
F,F,C,G,E,B,A,C,E,G,A,F,A,D,A,A,C,D,A,C,B,F,C,F,F,E,A,G,B,D,D,268951
C,G,H,E,H,E,D,C,A,B,E,C,B,F,F,D,E,D,D,C,B,E,G,B,H,D,A,B,F,E,C,340043
G,C,A,J,B,B,D,C,B,C,H,B,E,B,G,F,A,A,F,F,C,C,B,A,H,A,A,E,E,C,A,443703
A,B,E,F,I,A,A,C,D,A,H,E,C,E,B,F,C,D,E,C,C,H,D,G,A,C,B,E,C,D,D,195915
G,A,C,D,D,A,D,A,B,H,B,B,C,G,B,G,C,B,A,D,I,I,D,F,F,G,H,B,F,F,F,891936
A,G,E,I,F,D,A,B,D,B,E,E,C,D,F,F,C,B,A,F,C,H,B,G,A,B,F,G,B,E,D,509699
D,E,F,B,C,F,A,C,D,B,I,G,B,F,E,F,E,C,D,G,J,E,E,E,G,D,B,D,B,B,F,864028
A,C,A,E,J,G,D,C,D,E,C,D,D,E,D,A,A,C,E,C,B,J,F,C,F,E,E,G,C,B,C,260808
B,C,E,I,A,E,B,A,E,A,F,C,D,A,G,B,C,A,D,E,C,A,A,C,F,E,B,C,F,B,C,675460
A,C,C,G,B,E,B,B,C,G,G,C,C,D,C,C,A,A,F,C,B,G,G,C,A,A,F,F,F,B,F,244611
D,A,C,C,B,B,E,C,B,F,D,G,A,D,C,C,B,D,B,H,D,F,G,G,F,D,D,A,G,D,A,966261
E,F,I,B,B,B,C,B,C,G,F,A,C,D,B,E,A,B,A,F,C,F,G,C,B,A,B,E,B,A,E,205706
D,F,H,E,E,A,D,B,B,B,H,G,B,A,B,D,D,B,C,D,E,C,G,H,D,B,C,B,D,G,E,864228
G,F,E,I,B,F,D,C,D,F,C,C,D,C,E,D,D,B,F,D,D,E,D,B,A,G,D,F,E,B,D,829857
D,D,B,D,E,G,A,A,E,D,G,F,A,F,G,E,D,B,B,D,C,F,F,F,F,D,B,H,E,B,F,636194
C,G,G,E,B,D,B,C,E,E,B,G,E,E,A,E,A,B,E,B,C,A,C,D,F,E,B,D,A,F,D,997624
B,G,E,E,A,A,B,A,E,C,H,G,A,D,A,E,A,A,F,H,J,F,B,B,E,A,E,G,B,B,C,796368
E,A,A,G,G,D,A,B,C,B,H,B,D,F,D,A,B,B,F,C,A,J,E,E,F,E,C,A,B,E,C,721533
A,G,F,J,I,E,F,C,D,H,E,B,A,F,G,C,A,D,A,F,H,B,F,B,G,A,H,B,D,F,C,241336
E,D,B,J,E,D,A,B,A,C,D,C,C,C,F,F,B,C,D,F,G,B,D,H,H,F,F,H,E,A,D,685826
F,C,A,G,C,C,D,C,B,H,D,C,D,A,G,A,D,C,D,E,A,D,C,H,H,E,D,E,B,C,D,739702
A,D,B,B,A,A,F,A,C,H,H,B,C,D,C,A,E,C,E,F,J,D,C,A,C,D,E,A,H,G,F,878592
F,D,F,B,E,F,C,A,B,G,H,C,B,B,C,C,D,C,B,B,A,E,A,C,B,A,E,B,G,F,C,634294
C,D,F,H,B,C,C,B,E,C,E,D,D,A,G,C,D,D,A,F,J,G,D,H,B,E,A,E,E,A,E,417016
G,E,D,D,C,D,C,C,B,F,E,E,A,D,E,A,C,B,B,B,E,A,B,B,H,F,D,E,D,G,E,700980
G,G,I,A,A,C,C,A,E,I,I,C,E,F,A,A,D,D,C,G,B,G,F,C,E,C,D,F,C,A,D,324507
D,D,A,C,E,F,A,C,E,I,D,F,B,A,C,A,C,D,C,C,G,G,C,A,D,E,F,B,F,A,E,661674
G,D,F,I,C,F,F,A,B,D,B,E,B,G,C,D,E,A,D,B,D,D,C,F,E,A,D,E,E,C,F,704764
F,E,G,E,D,D,E,A,A,I,E,G,D,E,D,A,D,C,A,F,A,C,F,G,H,B,H,F,E,G,F,575248
E,C,D,I,H,B,D,B,A,I,H,C,B,D,F,F,E,C,E,F,G,H,F,D,G,A,G,A,B,G,F,934324
C,E,B,C,C,D,C,B,E,C,A,C,C,G,E,F,A,C,B,D,A,E,G,G,B,A,E,F,D,A,E,687124
A,D,F,F,J,B,E,B,E,C,C,B,D,F,G,D,B,A,F,A,D,I,A,E,F,D,E,G,E,F,A,357789
G,D,D,H,F,D,F,A,D,D,E,F,B,E,G,A,C,C,F,H,E,B,F,E,E,G,A,G,A,D,B,283600
G,D,D,B,E,C,A,A,A,H,C,D,A,A,A,F,D,A,F,E,G,J,G,G,G,E,F,C,G,A,E,918899
A,D,B,E,G,C,F,B,B,E,C,C,A,G,C,E,A,C,E,H,B,G,G,A,A,C,D,B,H,A,F,496245
F,F,E,C,F,E,C,C,C,B,A,C,A,F,F,G,C,D,E,B,G,H,A,E,H,B,B,D,C,B,A,297360
G,A,A,H,E,C,C,A,C,D,E,B,E,A,D,G,C,B,E,H,F,E,A,D,F,C,C,B,B,F,C,839285
E,D,F,E,F,G,A,A,E,C,I,C,E,A,A,G,D,D,C,E,E,F,G,D,D,C,B,B,C,B,D,467251
D,D,H,E,C,E,A,B,E,H,D,C,A,A,E,E,B,A,A,G,E,F,C,A,A,C,B,C,F,D,F,215286
B,A,I,I,F,F,C,C,A,I,E,E,B,D,F,F,C,B,F,D,J,F,E,H,A,A,F,D,D,E,B,624508
B,B,E,H,G,D,E,A,C,I,A,C,B,A,C,E,A,A,C,C,B,C,B,C,H,A,B,H,F,B,B,636371
B,E,A,D,C,E,A,B,D,E,G,C,E,E,D,C,C,B,B,A,G,B,C,G,G,B,B,C,F,E,D,825648
B,D,D,C,J,C,C,B,B,A,E,E,E,E,D,E,B,D,E,H,D,G,B,F,G,E,E,G,C,F,A,471985
A,B,B,H,H,E,A,C,E,I,F,B,D,E,A,E,A,D,F,E,J,H,C,F,C,A,C,E,H,D,B,806388
G,E,F,H,F,F,E,B,C,F,H,F,A,D,F,B,E,B,A,G,C,F,F,A,A,A,F,C,E,F,C,491919
A,E,I,I,G,C,A,B,A,A,F,C,E,F,C,B,C,D,E,G,E,C,A,A,D,G,A,G,E,D,F,839208
B,G,C,H,F,F,E,A,B,E,G,G,E,E,C,E,A,A,E,B,D,C,A,D,B,B,D,B,E,E,D,292775
F,C,C,D,I,C,F,C,D,C,B,F,C,F,E,A,D,C,E,A,C,I,E,D,C,B,G,D,A,E,E,784520
F,E,I,F,B,F,D,B,C,F,D,C,A,C,F,E,D,D,D,B,C,E,C,E,C,F,H,E,D,F,D,108096
A,G,F,D,H,G,F,B,E,F,F,C,A,A,F,E,D,B,A,C,D,C,B,B,G,B,B,E,D,F,F,517821
A,B,I,B,F,B,D,B,B,F,I,B,E,E,F,D,A,D,F,A,F,I,A,D,F,D,H,D,C,G,D,511648
D,A,C,E,J,G,E,C,C,F,B,F,D,F,E,B,B,D,D,H,A,C,B,H,C,G,F,B,C,F,F,133762
D,E,C,G,J,E,A,B,D,B,E,A,D,D,G,B,B,C,F,F,I,E,F,F,D,B,G,A,B,C,D,346832
A,D,H,E,I,A,D,B,C,G,C,D,C,D,E,G,A,D,F,E,D,D,B,H,H,D,E,C,H,D,B,845203
D,C,D,B,J,D,B,B,D,C,H,B,D,C,C,C,A,C,A,A,D,D,C,F,E,B,E,A,C,A,A,289260
E,G,F,J,G,C,A,B,D,A,H,G,A,E,E,D,D,D,E,B,B,G,G,E,H,G,G,D,F,F,A,268176
F,C,D,J,C,G,C,C,A,A,C,C,E,B,G,B,E,B,F,F,J,C,A,D,D,E,F,D,E,F,F,747411
C,E,F,F,A,B,D,A,D,B,H,C,D,G,A,B,C,D,E,A,F,B,B,C,H,F,F,E,B,E,F,601916
E,D,H,I,J,C,C,B,C,I,G,B,B,F,A,F,B,D,B,E,C,A,A,B,A,C,E,D,H,C,D,116722
E,B,D,A,I,A,A,A,E,I,I,F,C,C,A,B,E,B,D,C,F,E,B,A,G,E,E,D,E,E,B,820826
B,F,C,J,J,F,E,B,A,C,H,A,C,E,E,G,D,D,D,E,F,D,A,D,E,A,A,A,A,D,B,972035
A,B,E,F,A,D,B,B,A,H,C,B,C,E,G,F,B,B,C,G,E,C,F,C,C,F,C,G,H,C,C,125059
E,A,A,A,H,G,C,B,E,I,B,G,E,G,B,F,A,D,D,C,E,B,G,G,A,G,F,B,C,C,A,177077
G,C,A,I,C,D,B,A,B,C,H,B,E,C,A,E,B,C,A,E,B,B,B,F,F,E,D,C,A,F,A,316015
E,A,C,E,E,E,C,C,E,H,G,C,A,E,B,A,A,C,B,E,H,F,G,A,D,C,H,E,B,E,E,166941
A,C,E,D,G,D,A,B,A,G,A,D,D,E,B,A,D,A,B,C,C,A,F,D,G,D,B,E,D,B,A,879357
B,D,H,D,B,F,A,A,B,A,I,E,C,B,G,F,D,B,B,F,B,B,A,A,A,C,C,B,B,D,F,647812
E,E,C,E,I,F,F,C,A,B,I,B,B,D,C,G,D,B,C,E,I,G,F,C,G,G,F,H,H,F,C,454823
C,G,E,G,D,F,D,A,B,E,G,B,B,G,E,G,E,B,A,F,H,H,C,G,D,C,E,E,B,B,E,795179
E,F,D,E,F,C,F,C,A,F,G,C,E,B,B,A,B,A,B,G,I,G,C,B,E,A,A,E,B,B,B,315945
C,E,B,I,G,F,C,B,B,G,D,D,D,D,F,E,C,B,B,F,I,I,F,D,G,F,H,F,A,D,C,521038
E,F,D,E,B,G,D,B,A,H,C,G,C,B,A,F,E,D,F,H,J,J,B,E,B,F,H,A,E,C,E,411613
D,E,B,E,A,B,D,A,D,A,C,C,B,A,C,C,C,C,E,H,B,G,G,C,B,E,A,E,F,C,E,425371
E,C,I,F,J,E,B,B,C,B,I,F,A,E,E,F,C,B,B,B,G,H,D,F,C,C,E,A,B,G,F,152465
A,F,I,I,I,C,D,A,D,H,A,G,E,B,D,F,C,C,E,F,B,A,C,D,B,C,A,D,D,F,D,763244
E,G,C,H,C,B,F,B,E,F,D,A,E,F,D,A,A,A,C,C,G,E,F,A,B,D,G,E,D,C,E,310781
G,F,G,E,B,G,D,B,E,F,I,C,A,D,B,C,B,C,F,G,I,B,C,E,H,F,D,D,B,D,A,625293
B,C,F,I,E,C,F,C,C,F,A,E,C,C,F,A,D,D,A,C,D,C,G,B,E,B,D,C,C,B,C,272505
C,A,D,I,G,D,C,A,E,A,D,F,B,G,A,B,A,B,A,B,H,C,D,F,E,A,B,B,H,C,C,715888
F,G,I,E,I,E,E,A,E,H,H,G,C,B,C,F,A,C,D,A,H,B,D,H,A,A,E,F,F,D,F,555519
D,A,I,F,B,E,A,C,A,F,D,B,A,G,G,D,D,D,A,E,H,H,E,G,C,C,C,H,D,E,D,456341
D,C,D,F,J,D,B,B,D,I,F,F,D,F,A,B,E,D,C,H,A,F,C,H,D,E,F,H,F,D,B,736791
G,B,E,A,B,D,E,C,A,C,G,G,D,B,F,A,D,A,F,H,G,E,A,A,D,C,B,E,B,G,B,480382
G,C,H,C,D,D,C,B,E,A,A,D,B,F,F,D,B,A,E,E,I,F,D,H,C,F,B,C,F,D,A,752481
D,E,F,I,D,C,C,B,D,B,C,E,E,E,E,D,D,D,C,D,A,A,C,H,C,F,H,E,E,A,B,408438
E,A,C,J,H,F,C,B,A,E,B,C,E,C,B,C,C,B,A,F,H,B,D,C,C,C,A,F,H,B,B,484193
C,C,D,D,G,C,B,A,C,D,D,A,A,F,A,D,D,A,E,G,D,H,F,E,E,B,E,C,D,D,B,990279
G,C,A,G,E,F,D,A,E,B,I,A,E,D,G,C,E,B,B,G,G,B,D,G,A,B,G,D,E,E,A,433253
F,B,F,F,E,C,C,A,E,H,A,D,B,C,A,C,B,C,F,D,G,I,F,B,D,D,B,H,B,G,C,736771
B,A,E,D,I,C,E,A,C,F,A,G,E,D,F,E,D,B,D,A,E,B,D,F,D,D,H,H,D,D,E,123888
B,F,D,I,I,A,D,B,D,E,H,A,B,C,F,A,C,C,C,B,F,G,B,G,F,A,G,G,A,F,E,886780
G,F,H,F,D,C,C,C,A,A,D,C,A,G,F,D,E,A,F,A,E,A,G,B,A,B,D,C,F,D,B,712121
D,F,H,E,C,A,D,A,C,E,B,F,D,D,G,E,D,D,E,D,H,A,B,B,E,E,F,B,D,A,E,753354
G,A,D,G,G,C,E,A,C,A,D,E,A,C,G,A,C,D,D,H,F,D,D,C,F,G,E,A,C,B,F,221864
E,E,C,A,E,E,C,A,B,I,I,E,C,G,G,D,B,C,D,C,B,A,G,H,A,C,B,A,G,C,D,658599
G,D,C,J,E,A,E,C,E,F,B,G,E,E,G,B,C,D,F,G,C,G,A,A,A,G,A,D,F,D,E,432369
B,B,C,A,A,E,B,A,E,F,H,B,B,B,F,A,A,C,D,B,A,G,C,E,C,A,H,B,B,B,A,351511
F,D,I,G,D,D,A,C,B,B,D,E,D,D,E,G,B,A,B,C,G,J,D,E,H,A,E,B,F,B,F,610706
G,A,H,D,I,A,F,C,C,E,E,G,B,B,C,C,B,A,A,E,H,E,B,F,H,F,F,H,D,G,B,308455
G,E,B,B,E,B,D,C,A,C,E,G,B,B,D,A,D,A,F,C,E,J,E,H,D,D,G,C,F,C,E,500140
D,G,D,J,B,E,E,A,E,H,I,E,A,E,E,F,C,A,D,C,C,J,F,C,E,G,A,B,A,E,C,153224
G,E,G,F,C,C,B,C,D,C,F,B,D,F,C,C,A,B,D,B,A,A,A,E,D,G,A,H,B,G,B,856094
F,A,E,B,G,F,E,C,D,B,I,D,B,E,F,A,D,B,A,D,D,E,G,E,D,A,E,E,G,E,C,545374
F,C,E,B,A,B,B,B,A,G,D,F,A,A,C,C,E,A,E,D,I,G,D,C,B,D,F,H,C,F,E,215887
F,A,C,D,C,G,A,B,D,G,D,C,B,A,D,B,B,A,C,D,B,B,A,H,A,E,H,G,D,C,E,535921
C,C,B,D,J,C,E,A,C,C,D,G,A,E,B,A,D,C,B,C,D,A,E,H,B,A,A,B,E,F,F,252141
F,E,H,A,C,B,F,A,E,F,D,G,E,B,F,C,C,A,F,G,A,F,E,A,G,A,A,H,G,A,C,502241
G,E,C,G,C,F,E,B,D,H,E,D,D,C,C,C,B,D,F,D,F,C,F,B,D,C,D,H,A,A,A,158082
D,G,E,A,D,E,F,B,D,F,B,F,D,B,A,F,E,C,C,F,G,D,B,H,B,C,B,H,B,C,E,251505
A,B,D,D,E,F,D,C,E,I,C,G,E,B,B,G,A,A,D,B,G,A,F,F,G,D,E,F,C,C,F,962916
G,F,A,F,G,D,B,C,A,B,A,D,A,C,E,D,E,C,A,A,A,G,G,E,D,D,D,H,B,A,D,158518
A,C,D,B,I,E,D,B,A,D,I,B,A,G,G,D,A,D,F,A,A,A,D,E,D,C,H,C,F,G,B,674847
D,A,B,J,I,E,D,B,C,F,F,C,D,G,B,D,E,D,A,G,H,E,F,B,E,E,C,D,A,C,B,222688
F,B,B,J,F,F,D,B,D,D,A,G,E,E,C,C,B,C,A,F,A,D,F,G,B,C,E,D,H,B,E,502202
E,F,G,E,C,E,F,B,A,H,D,D,B,F,B,E,D,C,C,F,A,E,A,D,G,E,A,D,D,D,F,531967
E,C,A,J,G,C,E,C,E,E,E,B,D,B,E,C,C,A,A,H,H,G,B,H,E,A,C,G,G,G,A,141732
A,B,F,F,C,G,E,B,D,C,A,D,A,C,D,B,C,A,F,D,F,A,D,G,D,C,H,C,H,F,A,834994
F,E,A,C,J,F,D,C,E,E,H,A,D,C,A,F,D,B,B,D,H,C,E,C,D,B,E,A,D,D,F,840192
B,A,H,J,I,D,C,A,B,F,C,B,C,C,C,E,B,D,F,C,A,I,C,B,C,B,F,E,F,D,D,452356
F,F,B,A,D,E,C,B,B,H,G,A,B,B,E,A,E,B,E,A,E,I,B,D,G,F,B,C,B,D,B,468838
F,C,F,D,H,C,D,B,E,F,H,E,B,B,C,A,A,A,E,F,H,E,E,H,C,F,B,F,G,F,E,374057
B,D,A,B,B,D,F,C,A,H,E,C,C,E,G,D,A,D,D,A,C,B,A,G,H,B,H,F,G,C,F,417488
F,A,C,G,I,B,B,C,B,A,I,F,A,D,B,G,D,A,F,A,I,D,C,F,A,F,G,D,G,C,C,202873
E,A,C,J,H,F,B,A,C,C,C,A,D,G,A,A,B,A,E,D,D,I,A,B,E,G,C,C,D,C,E,392051
G,C,H,G,I,D,F,B,A,F,I,D,C,C,A,D,E,A,E,C,H,B,G,F,A,B,B,H,C,B,B,213278
D,F,G,C,I,G,D,C,D,I,I,C,D,E,B,G,A,A,D,A,A,G,E,G,E,D,D,H,H,D,D,605537
F,A,B,I,J,G,F,C,E,I,D,F,C,E,B,B,B,B,D,A,C,E,F,F,A,A,D,D,D,A,B,680578
A,D,G,G,B,E,F,A,B,F,E,D,A,D,D,B,B,D,F,E,D,B,G,A,E,E,F,C,C,C,B,192034
G,G,H,E,C,C,A,C,C,A,D,B,E,D,E,E,D,A,A,F,J,A,C,E,F,C,D,H,F,E,B,233883
E,G,H,D,H,D,B,B,E,B,G,G,E,E,F,B,A,A,C,H,I,A,B,E,G,C,F,A,C,C,D,650916
C,E,H,F,I,D,B,C,C,E,D,E,C,F,C,A,B,C,C,A,C,J,A,E,H,E,D,G,C,D,A,994939
B,C,F,J,B,F,E,B,B,B,A,G,D,A,G,F,C,C,B,G,E,D,C,G,D,D,F,D,B,G,A,891347
D,C,D,A,H,F,A,B,E,I,D,A,C,D,C,G,A,B,D,B,H,C,A,B,C,B,C,D,E,E,E,104307
A,C,B,F,J,F,B,C,A,I,H,D,C,A,G,A,B,B,A,E,B,C,F,D,A,E,C,H,G,B,D,434072
B,A,D,E,A,B,B,B,C,D,B,G,D,G,D,E,A,A,B,H,A,E,F,H,D,D,H,D,F,B,D,946508
F,A,G,D,B,E,D,C,D,F,D,B,C,C,B,E,B,A,C,A,C,E,D,C,A,G,E,A,G,A,F,153976
B,F,I,F,G,C,A,A,A,B,E,D,C,G,A,E,B,D,E,B,I,B,G,A,H,F,A,C,G,D,D,919880
D,A,A,H,C,D,E,C,B,B,F,B,B,B,E,E,D,D,B,F,I,G,E,A,G,A,E,A,G,G,C,655588
G,A,G,B,E,D,D,C,A,F,H,G,E,B,D,D,A,C,C,E,D,D,F,G,H,C,G,E,A,E,D,178548
F,A,H,J,F,F,C,B,B,I,F,B,C,B,G,E,D,A,F,F,H,I,G,F,B,F,C,D,F,C,D,555670
A,G,H,C,A,D,A,B,A,G,I,F,C,C,F,F,A,A,A,D,E,E,G,H,G,D,C,B,D,E,A,543906
D,G,D,B,D,F,D,A,B,E,G,B,D,G,C,A,C,D,E,D,I,H,F,H,C,G,B,G,H,F,F,534967
D,D,B,C,E,E,D,A,B,H,F,F,D,C,F,F,E,D,C,G,F,G,G,C,B,G,C,B,G,D,D,850733
F,B,G,G,G,F,F,A,B,G,C,A,A,G,B,E,E,C,C,F,A,C,A,D,B,A,G,D,C,F,B,133535
A,D,A,C,F,A,D,A,A,C,F,D,E,B,G,G,E,A,A,B,D,B,F,F,G,B,G,B,A,D,B,403222
A,D,H,D,J,D,F,A,A,E,F,C,E,F,B,A,B,A,D,F,F,J,A,D,G,D,F,B,F,B,D,433281
B,F,G,C,H,G,E,B,A,B,G,E,D,G,F,C,B,D,F,G,J,A,D,A,H,C,A,G,D,E,A,602483
G,C,A,B,J,G,A,C,E,A,I,F,B,B,F,B,B,A,E,H,G,E,D,B,D,D,F,A,G,E,E,375091
E,B,A,E,J,B,A,A,D,H,E,B,A,E,F,C,E,D,C,F,D,H,E,E,D,B,G,C,A,G,D,933334
D,E,G,F,D,G,C,A,D,G,G,G,C,B,A,E,C,B,F,B,I,I,A,B,B,C,B,F,F,D,C,859680
F,E,G,E,H,A,E,B,D,B,E,B,A,C,B,B,E,D,D,D,C,A,A,F,A,G,B,D,H,A,F,462790
F,D,H,B,B,A,F,C,A,H,E,A,A,C,D,G,A,B,D,F,H,E,G,B,B,B,H,G,H,A,A,108269
A,C,I,A,F,F,B,B,A,A,F,E,A,E,A,F,B,B,B,H,G,A,C,D,C,A,A,A,A,F,F,195120
B,E,H,A,D,F,B,C,A,A,G,C,C,D,G,E,B,D,E,G,G,D,E,F,B,B,A,H,E,C,F,903235
A,G,B,G,E,E,B,B,B,H,B,C,D,E,G,E,C,A,E,F,A,E,B,D,E,C,B,A,C,F,D,320139
C,B,H,E,B,C,A,C,B,E,A,B,B,E,F,E,E,C,C,H,B,B,C,B,A,A,A,H,A,G,D,152450
C,B,C,I,C,D,F,B,D,F,C,A,A,F,E,C,E,B,A,E,F,F,D,H,F,E,A,E,A,E,E,507328
E,B,F,B,F,D,B,C,E,E,D,G,B,B,A,F,E,C,D,A,F,E,D,B,C,E,B,C,A,G,A,597995
F,E,H,I,A,D,E,A,D,G,I,A,A,E,A,A,A,B,B,A,F,A,C,A,F,D,B,A,D,B,C,833871
F,E,E,D,B,G,C,C,E,I,G,G,A,C,B,D,D,C,D,B,F,B,G,G,F,D,C,A,A,G,A,567205
A,B,E,I,E,G,B,C,A,B,I,G,A,C,F,E,E,B,B,D,H,I,D,B,F,A,D,G,A,G,D,207328
G,F,D,H,D,D,D,C,E,B,C,D,E,E,C,C,A,B,A,B,A,A,B,D,G,E,H,G,B,C,F,157295
B,D,B,A,J,G,E,B,E,I,E,D,E,B,G,D,B,B,F,H,I,G,F,A,B,C,E,A,C,G,B,427560
F,D,D,I,I,E,B,B,C,B,D,E,B,F,C,G,E,B,F,D,J,J,G,A,H,B,E,B,D,G,B,389796
F,G,A,I,J,E,A,B,E,E,A,E,E,E,A,C,B,D,F,C,G,B,A,D,F,G,B,E,D,D,F,794262
C,F,E,A,A,E,E,B,B,B,G,C,D,F,A,E,D,C,D,A,J,D,D,C,C,B,E,D,F,B,C,649932
E,B,A,J,D,A,A,C,B,H,A,E,C,C,A,C,E,A,F,A,D,J,F,D,D,C,F,A,E,F,A,656776
A,A,F,I,G,A,C,B,A,H,H,C,D,A,E,G,C,C,C,G,B,E,G,G,F,C,H,C,F,E,B,864165
F,D,F,H,H,A,A,A,E,A,I,C,B,B,B,F,E,B,D,E,I,D,B,H,H,G,D,H,B,D,D,267156
F,A,G,C,E,B,E,A,C,B,B,F,E,A,D,A,C,C,C,E,J,E,D,B,A,D,B,B,D,A,A,471419
D,C,H,H,D,B,B,B,A,A,G,G,E,C,C,A,C,C,E,B,C,D,G,H,B,F,A,C,E,A,A,729773
A,D,B,A,J,F,A,A,E,A,I,C,C,B,A,G,B,A,B,F,J,I,F,F,A,B,D,G,A,E,C,799791
G,D,A,I,E,F,E,B,A,A,D,G,B,G,E,C,C,C,B,B,J,H,E,C,A,A,H,G,E,D,A,850267
G,E,B,E,E,G,D,B,B,F,G,G,E,G,B,B,B,C,D,G,C,C,E,G,H,B,F,C,B,B,B,382516
F,A,E,A,I,C,D,C,C,H,H,C,B,G,A,C,D,B,A,A,I,J,D,G,D,B,B,G,D,D,C,351019
A,B,I,B,I,D,E,C,D,D,C,A,A,A,F,C,B,B,A,G,H,F,E,E,E,E,G,E,A,G,D,953189
A,E,D,B,F,A,A,A,C,D,B,F,B,A,E,C,B,A,A,E,B,G,D,F,A,G,C,F,E,G,A,131877
C,F,A,E,E,B,C,B,B,B,G,E,E,D,G,B,C,B,C,D,I,E,G,G,H,E,H,C,D,A,D,379780
B,D,A,C,H,G,E,A,C,E,G,F,D,D,G,F,B,C,B,C,F,D,G,C,A,D,A,C,A,C,A,643962
C,D,F,F,F,A,E,A,E,H,I,E,B,A,C,G,D,D,D,H,D,H,E,H,D,D,C,E,C,C,A,446367
B,G,E,G,E,A,A,C,A,G,I,F,B,C,B,E,A,B,C,A,B,A,E,G,B,C,A,F,C,G,C,420259
E,C,C,J,C,F,A,A,C,E,E,B,A,G,D,A,E,B,D,G,D,B,B,G,F,F,H,G,G,A,C,172893
G,G,C,I,I,D,D,C,B,H,I,D,C,F,A,D,E,A,D,H,A,A,E,E,C,A,C,E,C,C,B,290051
G,A,G,C,B,E,A,B,B,D,A,F,E,E,B,B,A,C,C,H,B,J,B,H,H,B,G,B,F,A,D,994842
G,C,I,F,H,C,F,C,E,I,E,B,C,E,C,G,B,A,F,D,I,H,G,D,H,B,A,B,D,D,B,720862
E,E,I,F,E,E,F,B,B,C,E,E,E,G,F,E,D,B,E,B,I,A,C,F,A,A,E,H,B,B,B,562642
C,C,A,J,A,E,D,A,B,D,C,B,D,F,D,C,C,C,A,F,F,B,F,D,H,A,E,H,B,B,A,449192
E,A,G,E,D,B,C,C,D,F,B,B,E,G,C,F,E,A,B,H,C,B,D,H,E,E,B,A,C,F,C,380375
A,A,I,H,D,A,C,A,E,D,A,C,C,E,B,F,D,B,F,C,A,I,E,H,B,E,H,B,E,D,C,804415
F,E,G,E,G,F,A,C,D,E,E,B,C,G,G,E,A,C,F,A,G,D,D,F,G,A,G,H,D,A,C,948648
G,E,A,J,A,A,A,A,C,E,F,C,D,F,D,G,B,C,C,B,F,C,B,B,D,B,G,E,B,F,B,832762
A,A,I,C,I,C,C,C,C,G,H,D,A,D,D,F,E,D,B,G,G,A,G,E,E,C,F,D,A,E,D,274558
A,A,G,G,G,B,B,C,E,A,C,D,B,E,E,G,C,B,E,E,E,C,A,E,A,A,F,F,D,F,B,972366
E,A,G,F,I,E,C,A,C,I,I,F,B,F,C,G,C,D,D,E,E,J,G,G,F,G,B,A,G,E,C,852958
B,D,G,H,D,A,A,B,D,E,E,E,C,G,G,A,A,C,A,D,E,C,F,H,A,E,D,A,A,B,F,690533
G,E,B,A,E,E,C,C,B,A,F,A,E,A,A,C,E,D,C,G,D,I,E,C,F,E,A,E,G,A,D,274148
E,E,H,F,F,D,C,C,D,G,G,B,B,B,D,G,A,B,A,A,I,B,G,C,C,C,B,C,E,B,C,118514
G,C,E,J,B,G,B,A,E,G,E,B,C,B,F,D,B,D,C,E,E,J,F,D,G,F,C,G,B,E,E,664024
A,D,G,C,I,G,E,A,B,C,E,B,C,D,C,G,B,B,C,B,B,J,B,G,B,E,F,C,A,F,A,976632
F,D,E,J,G,C,F,C,B,G,D,A,D,E,F,A,D,C,B,B,H,I,D,F,F,D,B,H,G,G,F,434058
G,E,I,J,E,D,C,A,A,F,I,C,E,D,G,C,E,A,C,H,D,F,B,E,H,C,H,H,B,E,E,532125
G,D,G,J,A,G,E,C,E,C,B,A,B,E,E,F,B,A,B,A,C,I,D,H,D,E,B,G,E,E,A,341512
F,D,E,E,E,B,F,C,E,E,G,G,A,F,C,F,B,C,A,A,H,B,C,D,A,B,G,D,D,E,F,225505
B,D,I,G,B,B,B,B,E,B,I,E,A,E,D,E,A,A,B,B,C,E,C,F,B,B,C,G,A,E,A,948669
A,C,I,C,C,F,A,C,D,F,G,D,A,D,C,A,C,C,A,F,H,G,D,C,G,D,G,F,E,A,B,404506
F,F,F,I,H,D,A,B,E,E,B,B,D,G,E,C,D,C,F,D,G,I,B,C,F,F,E,G,A,E,C,861061
D,E,D,F,E,A,A,C,D,A,A,E,D,B,C,F,B,A,B,B,B,G,E,H,C,G,B,A,B,B,D,613001
E,C,G,B,B,C,F,B,D,A,G,E,B,G,C,A,C,B,C,F,H,C,G,B,B,C,C,E,C,E,D,530541
C,E,A,F,I,B,D,A,D,H,E,F,E,G,E,F,D,B,A,B,D,A,C,F,C,B,H,G,D,F,D,944709
C,B,G,I,G,E,E,B,B,B,D,G,C,D,G,G,E,C,F,H,F,B,E,H,C,G,B,D,G,B,A,803910
D,D,B,E,H,C,A,A,C,H,A,D,B,E,F,F,C,C,A,A,D,B,C,F,F,E,D,F,E,F,D,119002
G,C,F,E,E,B,C,A,A,E,C,G,B,G,B,D,E,C,F,C,D,B,G,E,A,G,F,H,H,A,C,184821
F,B,H,B,B,E,D,B,C,A,E,F,C,E,B,C,D,C,C,B,C,H,D,C,F,E,G,G,B,D,A,786354
E,E,D,D,D,A,B,A,C,A,G,B,B,E,D,F,E,B,C,D,E,G,F,B,C,F,F,C,C,E,E,564010
E,F,A,D,D,A,E,A,C,A,D,G,E,E,D,E,E,A,F,F,J,J,D,F,A,C,B,D,B,D,C,640148
A,G,D,A,H,G,B,A,D,F,D,E,C,G,E,B,C,C,E,H,C,F,A,B,B,C,A,G,D,G,A,347659
A,A,G,G,B,F,F,A,C,E,B,D,E,B,D,D,B,A,D,G,J,H,C,C,D,E,D,C,E,A,E,756481
E,G,I,I,G,B,A,A,C,B,E,E,D,E,D,D,C,B,E,H,F,B,B,F,F,C,G,G,F,A,B,363341
D,E,E,C,G,E,F,A,D,C,E,G,A,D,F,E,D,C,C,E,A,E,D,F,G,B,F,G,B,A,A,416389
A,B,A,D,I,G,D,A,D,C,F,C,B,G,B,A,A,A,B,B,F,B,B,G,G,A,E,A,G,E,D,900812
B,B,D,D,E,F,D,C,B,H,B,A,A,E,A,F,B,A,B,E,B,B,C,A,A,F,B,D,D,F,C,103659
D,F,E,G,F,D,E,A,D,B,D,B,B,A,D,A,A,D,E,B,H,C,A,G,A,C,A,A,D,C,C,802299
D,D,A,C,G,G,C,C,C,G,E,G,E,A,F,B,B,C,F,E,I,G,D,H,A,A,H,F,H,E,E,661094
E,E,I,I,D,F,D,C,D,D,F,D,D,G,C,D,B,C,D,C,D,J,B,H,H,C,H,B,C,D,C,701529
A,D,C,A,I,F,F,B,C,C,C,B,A,B,C,F,B,C,D,G,D,C,D,D,B,B,F,B,G,B,D,301045
G,G,F,E,E,C,D,C,E,B,B,C,A,B,F,G,B,B,E,A,E,G,C,G,B,C,B,A,D,G,D,450638
G,D,G,A,H,A,D,A,D,C,E,D,D,E,C,E,C,B,D,A,E,C,B,C,G,B,B,B,G,C,B,773877
E,D,F,A,B,A,E,A,C,A,E,E,A,C,B,E,A,C,D,E,A,B,D,D,H,D,B,A,A,F,A,512753
E,F,G,G,F,B,D,B,A,E,B,C,E,D,F,F,E,B,B,H,B,H,F,B,D,B,C,C,F,B,C,452349
D,E,G,B,A,A,F,B,A,C,B,C,B,F,G,G,A,C,B,D,E,C,F,F,F,C,D,A,C,G,E,486393
D,B,E,E,I,C,B,A,A,A,B,G,B,E,G,A,C,B,D,G,A,D,G,G,H,D,G,F,D,E,C,768685
G,F,C,E,A,D,E,B,C,A,C,B,C,C,D,E,B,C,C,H,B,J,A,G,B,E,B,B,B,C,A,286480
G,F,I,J,D,B,B,A,D,B,G,A,A,A,G,B,B,B,C,A,C,B,D,E,H,C,D,D,E,A,F,539736
D,A,G,D,I,D,A,B,C,H,D,E,E,C,A,A,E,A,F,C,G,B,F,D,B,D,H,D,C,D,F,374377
E,B,H,I,A,D,E,B,E,F,F,B,C,A,E,C,B,C,B,F,H,D,G,G,E,C,B,H,E,C,D,140992
E,C,B,B,E,B,F,A,C,G,E,A,E,G,D,A,A,C,D,D,E,C,B,G,C,F,E,B,E,A,F,242534
D,F,I,J,C,C,F,B,C,G,B,A,C,E,D,F,B,A,E,H,A,C,A,D,A,C,B,E,H,G,F,916852
E,A,D,C,D,F,F,C,E,I,G,C,B,A,B,D,D,B,A,D,C,A,G,D,D,E,C,C,E,F,E,685998
B,E,A,F,J,G,B,B,D,B,H,A,D,E,G,C,B,C,A,B,F,A,F,A,D,A,B,F,H,E,A,815103
C,A,G,C,B,B,A,C,A,A,B,C,B,A,C,E,D,B,A,B,G,F,E,A,D,B,G,D,D,B,D,587083
D,D,H,E,G,C,C,C,E,F,B,C,B,D,A,E,C,B,B,B,J,F,E,C,D,D,H,G,A,G,D,331579
F,B,G,I,I,B,C,C,C,B,B,G,A,D,G,G,B,C,B,F,D,J,D,G,C,G,C,C,E,F,D,183583
F,D,A,G,A,B,A,A,D,B,D,B,C,B,F,A,E,B,F,E,C,G,A,A,F,A,A,E,G,A,E,672729
C,B,I,D,A,C,F,B,C,D,G,G,B,F,C,E,E,A,D,G,A,A,A,B,E,A,B,B,E,A,D,135285
C,A,B,J,I,A,E,B,D,F,C,E,A,A,D,E,C,D,C,C,A,H,A,H,C,E,D,C,D,B,C,477450
A,E,G,I,J,D,B,C,D,I,F,G,D,D,F,C,A,D,E,C,G,J,F,C,E,D,A,B,F,F,E,340697
F,D,E,C,G,G,F,B,B,E,G,C,C,B,G,A,C,C,F,E,J,F,F,B,H,A,G,G,B,F,E,418196
D,B,H,A,B,E,B,A,B,E,D,F,B,B,D,B,D,C,F,H,D,J,E,A,H,C,A,F,G,F,D,847506
B,E,C,G,F,E,F,B,B,C,G,E,C,F,G,A,C,C,C,C,J,F,A,B,G,D,D,E,F,E,B,782614
B,E,E,A,D,F,B,A,E,G,C,G,B,G,C,B,D,B,E,F,G,D,E,G,A,G,C,A,E,A,A,659767
E,F,D,I,H,E,A,A,E,E,C,B,D,A,E,E,B,C,E,C,H,G,B,G,A,C,H,G,B,G,C,139493
B,G,H,D,A,B,E,A,A,A,C,E,A,C,F,A,B,A,B,F,D,D,C,E,E,E,D,H,F,B,C,101739
D,F,E,G,G,C,A,C,D,H,B,C,E,G,B,D,D,D,B,F,J,H,C,D,F,F,E,F,A,G,A,790938
E,D,A,J,C,D,B,A,D,I,H,G,B,G,A,A,D,C,C,F,B,F,E,D,B,D,G,A,C,C,C,915504
B,F,G,C,I,B,C,B,C,B,D,D,D,A,B,F,E,B,D,H,E,A,C,E,A,F,A,E,D,C,F,744683
F,E,H,D,A,B,A,A,E,A,F,A,B,C,G,F,D,B,D,D,F,C,G,F,D,E,G,B,C,G,B,310132
E,F,I,D,J,B,F,A,B,H,D,E,A,E,C,C,D,C,D,B,C,J,B,G,D,B,F,B,C,E,E,673595
B,A,B,I,G,B,C,B,E,F,I,F,E,E,D,B,C,D,D,G,G,I,C,C,A,E,E,F,C,F,B,265028
D,C,E,D,D,B,D,B,B,F,I,E,D,F,F,F,A,D,A,G,G,G,D,F,A,C,F,C,G,A,E,265235
A,C,G,B,C,F,A,A,C,A,C,C,D,B,G,E,C,B,A,D,A,J,G,B,E,F,D,A,H,G,C,239111
G,D,H,B,C,C,E,C,A,C,G,F,E,D,G,A,C,B,A,F,H,B,D,G,F,A,E,G,G,B,B,324966
B,C,G,G,E,D,B,A,A,F,F,G,C,F,F,C,D,D,F,D,B,C,A,H,B,D,C,A,A,D,A,583578
G,A,G,B,A,F,A,B,A,F,D,A,B,D,B,E,B,D,E,E,D,D,A,H,E,B,G,D,G,C,B,176151
C,C,E,B,B,C,E,A,D,H,H,D,B,D,B,C,D,C,F,B,C,B,B,H,B,B,F,G,E,D,E,271958
C,F,A,G,I,B,D,C,B,E,B,B,A,E,G,D,B,C,D,F,F,C,E,D,F,A,D,H,F,C,E,129629
C,G,I,C,J,B,D,A,D,I,G,B,A,G,F,E,D,A,F,B,D,C,D,A,E,B,D,D,G,B,F,647014
E,F,G,C,G,B,A,B,D,F,F,B,D,E,B,D,E,D,F,F,G,C,F,F,H,B,E,B,B,E,D,912943
E,D,B,C,J,B,E,A,B,H,F,G,B,D,E,B,E,B,F,B,D,B,D,F,H,D,E,D,H,C,D,889439
C,F,I,G,F,G,F,A,E,C,D,F,A,G,C,F,B,A,F,A,J,F,A,C,C,F,H,B,C,F,F,196541
F,A,A,H,E,B,C,C,E,G,B,G,A,E,D,F,B,D,D,A,I,H,A,A,H,B,H,E,F,G,C,367347
C,G,E,C,F,E,B,A,C,D,B,D,B,G,D,E,D,D,A,C,D,J,G,D,G,B,F,D,H,B,A,122307
E,F,F,F,B,F,D,B,E,H,C,F,C,E,B,A,A,D,C,G,I,C,E,F,A,D,E,H,E,D,E,826517
E,G,H,E,F,E,B,A,A,G,D,A,B,C,F,C,A,C,A,G,F,H,B,D,A,C,A,F,G,D,C,873456
F,G,A,D,G,E,B,C,D,C,B,F,C,F,D,B,D,D,F,B,J,E,F,D,B,E,C,G,G,G,A,698165
C,B,I,A,J,B,F,A,A,C,E,A,B,G,D,C,E,A,D,D,I,C,E,H,F,E,A,D,C,G,C,932848
B,E,H,A,B,D,A,A,E,B,A,C,B,G,A,A,B,B,B,C,F,C,F,B,H,E,G,H,F,G,B,681726
B,F,H,F,A,B,B,A,B,D,H,A,A,E,A,C,A,C,A,H,G,E,E,G,F,G,D,H,A,D,C,123765
B,E,I,I,C,A,C,A,A,B,B,G,A,B,A,C,C,A,A,G,J,G,D,D,E,E,D,E,A,F,A,564093
E,D,A,A,J,D,A,A,C,F,H,G,D,B,G,D,E,C,A,E,B,A,A,H,F,G,B,B,D,G,F,985700
A,F,C,B,H,G,C,B,C,D,I,G,A,A,A,F,C,B,E,H,E,C,G,H,F,A,E,F,D,B,D,229066
F,B,G,I,B,B,F,B,E,G,B,G,B,G,A,F,B,B,D,A,J,I,B,F,E,G,F,D,H,D,B,179243
D,G,D,J,E,B,B,A,E,B,F,C,E,G,A,E,A,B,D,D,G,B,F,E,H,B,H,B,E,A,B,350649
A,E,H,J,B,C,B,B,E,H,C,G,E,F,C,C,A,D,A,E,J,E,C,B,D,E,F,D,G,D,C,411481
D,E,G,A,J,E,A,C,E,D,D,B,A,C,G,F,B,D,C,G,J,F,E,C,B,A,G,A,H,E,D,207432
C,B,F,I,A,F,F,C,E,A,D,A,B,C,D,A,A,A,C,A,C,B,C,E,A,A,E,H,C,D,D,339029
F,F,E,J,B,E,C,A,C,G,I,C,B,A,G,B,E,B,A,H,C,G,D,E,G,E,E,A,C,E,C,713689
C,D,D,A,H,E,B,B,D,I,A,B,B,D,D,G,B,B,C,G,C,A,D,F,D,B,B,G,G,E,A,252306
D,E,F,D,F,F,D,B,B,B,F,A,B,D,C,A,A,D,F,D,A,C,F,E,C,B,C,G,E,E,E,183153
G,F,F,D,C,G,D,A,E,C,C,D,B,E,B,C,C,D,E,C,C,C,B,D,F,E,A,C,A,D,E,582722
G,B,H,C,G,C,E,C,D,H,A,D,E,B,A,D,B,D,D,F,C,A,E,C,B,B,H,C,E,C,B,347874
A,A,E,J,G,D,C,B,A,I,C,E,A,D,A,A,C,D,B,A,D,C,E,C,G,E,B,F,H,G,B,484688
B,E,A,H,B,F,A,C,A,C,G,F,B,C,G,G,B,B,D,A,E,F,G,B,F,G,G,H,A,G,D,350807
B,F,D,F,I,B,A,A,B,B,H,G,E,C,A,F,A,B,A,A,F,I,C,C,F,D,A,A,G,A,E,370757
B,E,I,I,A,F,C,C,E,G,G,F,E,E,E,F,B,C,F,B,J,D,B,F,G,D,A,F,C,E,A,190028
G,B,A,G,D,B,F,A,D,H,E,B,E,A,C,D,C,B,E,A,D,A,B,C,D,A,C,D,E,E,A,127199
C,A,I,E,H,E,F,C,A,H,H,C,A,B,C,D,A,D,E,B,F,C,E,D,C,F,B,H,C,C,E,856406
A,B,A,G,I,F,B,C,B,G,A,D,D,C,C,D,E,A,D,E,J,C,A,D,E,C,E,F,A,C,D,837752
F,G,B,E,F,D,A,C,E,I,I,D,C,B,A,E,C,A,A,F,B,D,E,H,D,E,D,H,C,A,F,887076
G,A,E,F,B,A,E,A,B,B,G,D,D,E,A,E,B,A,B,A,D,D,B,D,F,G,C,G,A,E,C,314293
G,F,I,I,G,A,B,A,D,E,F,E,B,G,G,F,A,D,D,F,G,J,B,A,D,E,A,B,H,E,C,816301
C,B,A,I,A,E,A,B,D,F,I,E,D,G,D,A,E,B,A,G,B,I,A,G,F,D,C,A,H,E,F,869167
A,C,A,I,G,G,A,B,B,F,D,C,E,F,B,D,A,C,F,A,B,C,B,B,E,D,H,B,G,B,A,991342
D,B,B,G,D,C,A,A,C,B,B,E,C,G,B,G,A,D,B,B,J,E,G,C,F,E,G,A,E,D,D,314678
A,A,E,J,C,E,D,B,A,A,I,A,E,E,C,F,A,A,F,D,E,H,E,C,A,B,E,B,H,G,F,548694
C,A,D,I,D,C,E,C,B,C,I,A,E,E,B,A,A,D,B,H,H,E,E,G,F,C,A,E,C,A,F,805851
C,F,B,D,C,A,F,A,C,D,A,A,A,C,G,F,A,A,D,H,J,E,F,A,E,G,B,B,E,G,F,334955
F,G,F,G,E,F,A,B,B,H,H,G,D,B,D,B,D,B,F,A,E,F,F,C,F,F,B,E,H,F,E,276959
D,G,D,C,E,C,D,B,B,C,E,B,B,D,B,C,C,B,D,G,G,B,A,F,F,D,E,C,C,F,E,601285
E,A,D,I,E,C,F,B,A,I,I,E,C,D,F,B,A,A,A,F,H,G,B,F,A,G,G,A,H,B,F,845010
E,G,F,E,E,B,D,C,B,B,E,E,A,F,C,F,A,A,E,D,D,D,B,E,H,C,E,G,G,D,A,623434
E,E,A,J,G,A,D,A,E,I,D,C,D,A,F,C,A,A,D,G,C,J,G,E,F,G,H,F,B,D,E,119695
E,C,H,B,H,F,D,A,B,E,C,D,A,A,B,B,B,B,B,D,D,B,G,B,F,A,A,G,F,B,B,250887
G,G,D,J,H,D,D,A,C,C,C,E,D,F,G,A,A,D,D,E,C,C,F,E,E,G,C,A,E,G,D,400768
A,G,F,F,I,B,F,A,E,G,B,A,A,G,B,A,C,D,C,C,A,F,A,D,A,D,B,G,F,G,C,981542
C,B,C,B,I,A,A,C,A,A,E,G,A,B,A,E,A,D,A,B,G,J,D,B,D,A,B,C,C,D,C,650399
C,A,A,J,F,D,B,C,D,F,I,F,E,E,G,B,C,D,B,C,I,C,C,B,E,A,G,C,F,C,A,123425
C,D,G,I,B,B,C,A,E,I,F,A,E,B,A,E,A,A,E,F,E,B,E,B,A,A,B,G,B,D,D,903053
E,B,C,A,E,D,B,C,D,B,D,A,C,D,G,G,B,A,A,A,G,I,F,F,C,G,A,E,C,B,C,960802
C,B,E,I,J,B,B,A,B,E,F,F,D,C,A,E,B,B,A,G,F,I,F,C,E,G,H,C,A,G,D,990195
E,B,D,I,H,D,F,C,B,D,H,A,A,F,G,F,D,B,E,G,G,C,C,D,A,C,B,A,B,G,E,840016
A,B,H,D,B,C,B,C,B,I,A,E,C,E,A,C,E,A,D,C,I,D,G,C,G,G,C,C,C,C,C,140379
A,B,E,D,G,D,A,C,C,B,G,G,B,C,D,A,A,C,A,E,F,C,A,G,F,D,G,B,E,A,B,619579
E,A,A,D,E,G,F,B,A,I,F,E,E,G,B,B,C,B,B,C,H,D,A,C,C,F,F,B,G,G,A,854503
A,A,A,H,G,C,A,A,C,H,D,B,B,A,B,A,A,C,E,A,C,D,C,H,F,F,D,F,C,C,D,199228
G,G,B,J,B,B,F,B,A,E,B,C,D,B,C,E,E,A,F,B,F,F,G,D,D,F,D,B,F,D,E,382217
B,B,A,E,F,B,C,B,E,A,H,A,C,B,C,E,A,D,B,D,A,H,B,B,B,G,A,C,A,C,D,732651
C,G,I,J,F,A,C,A,C,C,B,E,E,C,B,C,E,B,E,E,F,C,C,C,D,F,C,A,E,B,A,652729
A,B,I,A,I,F,C,A,D,H,G,C,B,F,B,G,A,C,F,F,C,D,D,F,H,A,D,D,B,E,E,292372
C,B,E,J,D,B,B,C,C,G,E,D,D,E,F,C,B,C,F,G,G,C,A,E,D,E,F,D,H,B,F,991007
G,C,B,D,B,A,B,A,E,E,A,A,D,B,B,F,E,A,D,C,J,G,B,A,F,E,B,C,D,A,B,839039
E,G,B,E,H,F,D,C,E,C,H,F,C,G,C,C,A,D,D,G,A,F,D,D,E,D,H,G,G,A,A,840965
C,F,B,B,I,G,A,A,D,H,F,E,D,F,F,D,A,A,F,F,J,B,C,G,G,G,G,B,C,G,A,448612
A,F,G,B,D,D,B,C,E,I,F,F,D,E,A,E,C,C,B,G,J,G,B,C,E,A,H,F,B,D,F,239468
G,G,F,A,C,B,F,C,E,A,E,F,C,E,F,B,D,D,D,E,F,J,A,F,C,A,E,D,C,A,F,951702
D,A,G,B,E,B,C,A,B,F,H,E,B,B,B,G,B,A,D,E,A,B,G,D,G,D,A,H,F,G,B,360891
B,E,I,G,D,D,B,B,E,B,A,C,A,B,B,F,E,D,C,B,B,I,A,G,E,C,B,A,H,A,B,258954
C,A,C,J,I,F,E,C,A,B,G,C,A,C,C,F,A,B,C,G,I,H,B,E,E,G,C,D,C,F,C,483921
D,C,D,B,B,A,D,C,D,D,I,F,D,D,A,F,B,D,D,C,J,F,G,G,C,B,B,G,C,A,B,946537
F,C,A,D,D,B,D,A,B,B,A,F,B,G,E,G,D,C,D,C,C,I,B,C,D,F,G,D,G,F,A,777320
B,E,I,B,F,C,E,B,E,A,A,A,E,E,C,G,D,B,C,D,B,D,A,F,G,F,A,D,F,D,B,135985
C,G,I,G,E,C,E,C,C,A,F,F,E,G,F,A,D,D,D,H,E,H,G,H,F,C,B,B,G,G,E,512298
C,C,F,H,H,F,E,B,E,A,C,G,E,F,B,A,E,B,C,D,F,B,B,A,A,F,B,H,H,A,B,745330
C,D,G,G,C,E,C,B,B,B,A,E,C,C,G,G,A,C,C,F,C,H,D,G,C,F,H,D,C,F,B,991877
F,G,E,F,F,C,B,A,E,A,A,E,B,F,A,G,A,B,E,B,E,J,C,D,F,A,D,E,E,F,B,239755
E,E,H,B,J,A,F,B,B,C,B,G,C,C,F,D,B,C,F,A,J,C,F,H,E,E,C,B,F,D,B,352808
G,G,E,B,C,C,C,C,E,A,H,C,E,C,E,A,C,C,F,E,H,A,F,B,C,D,F,D,D,D,E,209888
B,C,E,H,E,D,B,A,C,C,A,A,B,D,F,G,E,C,C,B,G,I,E,H,H,D,A,B,E,D,D,692632
F,F,A,D,E,F,D,A,C,C,A,C,B,C,G,E,A,B,B,C,G,G,E,D,C,A,C,E,E,F,F,699462
F,F,I,A,I,E,D,B,E,H,G,D,B,B,F,F,A,D,A,C,E,A,A,G,E,B,C,E,C,D,B,233487
F,B,F,G,C,A,C,B,C,A,D,A,C,A,B,A,A,C,F,C,E,E,F,G,E,E,B,G,A,A,C,429129
E,A,C,G,G,G,C,B,C,C,E,C,A,C,A,F,C,A,E,C,H,A,A,G,C,G,F,G,C,D,E,537166
D,E,F,E,I,C,C,A,E,F,F,E,E,C,B,E,B,B,B,C,I,J,A,E,A,A,G,C,A,E,B,329424
B,D,F,E,I,E,C,A,D,A,H,D,E,A,D,A,C,C,A,H,C,I,G,A,C,F,E,A,G,F,F,137531
G,A,G,I,H,F,C,B,A,D,H,A,E,G,B,E,A,A,A,A,B,D,D,G,A,A,A,G,C,G,D,626250
D,G,G,A,C,F,E,A,D,E,I,B,B,A,D,D,C,C,F,B,B,D,F,E,D,C,D,H,B,D,A,165577
C,E,F,D,A,D,E,A,C,E,D,F,A,F,F,G,B,C,D,C,J,B,A,B,C,E,H,B,D,C,F,546439
C,G,I,G,I,E,D,A,E,E,G,F,C,E,A,G,D,B,A,D,J,D,B,F,B,D,H,H,B,B,E,573810
C,C,B,H,F,C,E,B,B,F,B,F,C,C,F,G,B,B,F,D,I,B,A,G,F,B,H,A,F,E,C,416448
G,D,H,A,E,C,D,C,E,H,B,F,A,G,F,E,C,A,C,G,H,B,A,G,C,C,G,E,A,E,B,579628
E,G,D,C,I,D,A,C,B,D,F,G,D,B,E,C,A,A,A,G,D,B,G,D,C,A,D,D,F,C,F,186157
D,E,D,B,G,B,A,B,E,F,I,E,E,G,A,B,E,A,B,H,B,J,E,C,E,G,H,A,A,E,C,563599
D,F,H,G,A,F,C,B,E,G,C,F,A,C,B,D,E,A,E,G,B,A,E,C,E,G,A,A,A,E,C,208953
E,F,B,A,C,A,B,C,C,B,C,F,A,F,B,G,D,B,F,B,H,B,E,G,A,D,G,H,E,E,F,183264
F,C,G,D,G,E,A,A,C,D,G,A,B,A,F,A,B,A,A,H,G,G,C,G,G,D,G,D,F,B,B,408659
E,G,E,A,A,E,D,C,D,E,F,C,B,F,C,A,A,B,B,H,H,I,F,D,H,D,F,C,E,G,B,387544
G,A,F,H,E,B,C,C,D,E,A,F,E,D,A,G,D,A,E,H,J,F,D,B,B,B,B,B,D,C,D,368884
D,D,E,D,B,F,A,A,E,C,B,E,D,B,G,G,C,C,C,G,B,B,D,A,G,B,D,B,C,A,D,579755
C,C,I,D,D,A,F,B,A,A,A,E,B,D,G,B,E,A,D,F,D,D,E,F,D,G,A,F,G,F,A,476994
D,C,F,J,F,E,A,A,A,G,I,E,D,B,A,D,C,B,D,H,F,I,G,C,E,D,B,C,C,G,F,876036
B,C,A,A,J,F,C,A,D,B,H,A,D,C,F,G,E,A,C,C,H,E,E,C,E,E,C,D,D,C,D,760380
D,B,G,E,C,D,C,B,D,I,H,B,A,F,F,E,A,A,C,D,J,I,E,G,F,F,E,G,E,B,A,214806
G,E,E,H,A,E,A,A,D,H,H,D,A,D,C,A,E,D,E,F,E,F,D,D,G,D,F,E,C,G,F,267948
G,B,D,H,B,E,C,A,A,D,D,C,E,E,D,A,A,D,E,A,I,I,C,B,H,B,D,H,E,E,A,370366
D,A,B,H,E,F,B,C,B,E,D,G,C,E,B,D,B,D,B,D,H,J,G,D,G,B,D,A,D,A,F,659325
G,E,I,C,C,G,C,B,D,G,F,A,E,A,G,E,C,D,B,B,D,D,G,D,A,G,A,F,B,C,A,529335
B,A,I,H,H,C,E,C,E,H,H,A,A,B,A,C,C,A,E,F,I,I,E,D,B,A,D,B,H,A,A,718590
D,E,H,J,H,G,E,C,A,A,D,D,E,B,E,G,B,C,D,B,A,B,G,G,C,C,E,C,C,A,E,893835
G,C,D,G,J,G,B,C,A,H,B,A,D,E,G,C,B,B,C,H,J,G,E,C,D,E,H,F,B,D,C,262780
C,C,A,I,B,F,C,B,B,C,A,A,C,B,C,F,E,C,C,G,H,D,G,F,D,C,H,H,F,F,E,593238
E,B,B,H,C,D,A,A,D,I,H,D,C,A,F,D,C,D,B,G,J,I,A,C,A,D,F,H,H,C,F,468997
A,G,H,B,J,C,D,A,E,G,C,G,E,D,F,F,A,C,B,G,H,I,A,D,E,E,A,D,H,B,E,902670
G,C,H,D,G,E,F,B,D,I,F,D,B,C,A,B,E,D,F,G,F,D,C,B,B,F,H,H,D,C,C,163799
E,B,F,E,A,E,F,B,E,D,C,A,D,D,G,G,E,B,D,B,E,B,A,B,H,D,D,H,G,C,F,863218
A,E,H,C,F,B,B,A,C,G,D,F,C,D,D,B,B,B,A,C,H,D,C,C,B,G,E,H,H,C,A,796596
B,A,H,J,C,C,E,A,D,C,B,D,B,B,G,D,A,D,C,G,I,I,B,G,G,B,F,B,C,G,B,112630
A,B,D,B,F,C,C,B,D,D,G,A,D,A,E,D,A,B,D,H,G,D,A,D,G,B,H,F,G,D,F,728550
G,C,G,F,B,F,F,C,B,H,G,B,B,F,G,E,A,C,C,G,I,F,G,B,F,A,G,F,D,E,A,532036
B,F,G,A,B,C,E,B,D,B,E,F,C,F,C,D,A,D,D,G,A,F,B,D,D,B,F,A,E,G,E,461903
E,D,C,D,J,E,F,A,A,E,A,E,B,D,D,E,E,B,A,C,D,J,G,D,D,A,B,D,D,A,B,264930
F,D,B,A,B,C,F,B,C,E,E,E,B,C,F,D,C,B,D,A,G,A,G,H,F,A,C,A,E,A,B,967561
C,A,A,D,D,G,A,A,D,C,A,A,C,D,D,G,C,B,C,G,F,E,G,C,A,D,F,H,G,G,B,955382
G,C,E,I,A,C,E,B,B,H,D,E,E,G,F,E,D,D,E,B,E,A,C,B,A,D,F,C,G,E,C,121724
G,E,A,G,F,B,D,B,A,D,C,A,A,B,A,C,C,C,B,E,A,H,G,C,G,C,C,H,A,E,C,802380
C,A,B,A,G,F,E,B,E,G,E,A,E,B,D,A,C,B,E,G,E,J,G,B,E,G,D,C,H,F,F,968448
C,D,C,C,H,F,D,C,A,F,D,E,B,D,E,E,C,B,E,D,B,C,G,G,A,D,H,B,C,C,C,609607
F,B,I,C,H,G,D,B,C,F,C,G,A,F,B,G,D,B,D,A,G,D,D,F,B,A,C,H,B,D,A,879793
G,A,C,E,F,D,D,A,E,E,B,F,B,D,A,G,C,D,F,F,A,E,D,E,B,E,A,A,B,E,A,800413
B,G,B,A,J,B,E,B,E,C,D,G,C,C,E,C,C,D,E,B,H,C,A,F,G,G,E,F,C,G,D,482122
A,F,G,F,J,A,C,B,A,G,C,E,C,G,D,B,C,B,B,C,F,C,C,F,H,A,F,H,C,B,F,250955
G,A,I,G,F,A,A,B,D,E,C,F,E,G,C,D,C,D,F,D,E,E,A,E,F,C,A,B,D,E,F,304301
C,C,H,C,A,F,A,B,A,E,A,B,C,F,C,D,B,B,D,C,G,D,A,E,G,C,A,E,A,F,D,549457
C,E,I,B,A,B,E,B,B,E,D,C,C,B,C,A,A,B,F,H,E,D,D,B,E,D,G,C,H,F,A,634073
A,F,G,C,B,D,A,B,C,C,E,G,E,E,B,B,B,C,D,D,B,I,G,B,G,A,C,A,C,F,E,226507
B,A,B,G,D,B,C,A,E,C,F,F,B,D,E,B,D,D,E,D,G,I,C,A,A,D,H,A,A,B,D,539157
D,D,G,H,C,A,D,C,B,E,D,C,C,A,G,C,D,A,B,C,D,J,G,H,A,F,F,B,C,B,C,373234
B,E,A,A,E,B,E,A,C,H,E,G,E,G,A,G,A,A,E,E,G,H,C,C,G,B,A,G,H,D,B,504290
C,C,F,E,F,B,D,C,B,F,E,B,B,G,F,E,D,B,D,B,A,E,D,C,D,G,E,D,B,E,C,210070
A,F,G,B,I,A,D,C,A,E,G,C,A,C,C,B,D,B,E,G,G,B,D,E,D,D,E,E,H,D,F,191829
B,B,B,B,A,B,B,C,C,G,C,F,D,E,A,C,C,B,F,G,I,I,F,C,G,G,D,A,G,D,D,346561
E,A,B,C,G,B,B,B,A,C,B,B,E,D,F,E,E,C,D,C,F,G,G,A,G,F,D,B,D,G,D,831080
C,E,D,D,J,D,E,A,C,G,B,D,B,G,D,E,E,D,F,F,I,D,B,C,D,B,B,F,C,A,F,952784
D,A,G,D,I,A,C,A,D,I,A,F,D,A,F,B,A,B,D,C,A,F,E,A,A,F,G,C,C,A,A,844999
G,C,H,I,B,F,A,B,B,I,D,E,B,G,E,F,E,A,F,B,F,I,C,E,E,B,C,F,G,C,B,633363
A,G,I,C,J,F,E,B,B,C,H,G,D,A,E,B,C,D,E,A,D,G,D,H,E,F,B,F,C,F,E,382322
F,F,A,E,D,C,B,C,A,A,F,A,C,B,F,F,B,D,D,C,C,B,F,G,G,A,D,C,E,F,A,252772
D,E,B,C,H,D,C,B,D,I,A,G,B,C,C,G,B,C,F,G,B,J,F,D,F,E,H,A,E,C,F,586603
D,G,B,G,E,A,B,B,E,F,I,B,D,D,F,A,B,A,D,D,H,J,C,H,D,G,F,H,H,G,D,207040
D,D,A,F,H,E,F,A,B,B,B,E,D,A,C,E,C,C,E,G,F,I,B,E,F,D,D,C,D,C,F,258994
E,G,D,B,C,D,C,C,D,C,E,D,B,B,F,D,D,A,A,A,G,H,B,D,D,B,F,H,D,F,D,720090
G,A,H,J,A,B,A,A,B,C,A,G,E,C,A,F,C,B,C,A,I,C,A,H,G,A,E,E,A,C,D,440772
B,C,B,I,G,B,B,C,E,A,G,G,C,E,F,F,D,A,A,C,B,J,G,F,D,C,G,D,E,B,A,165689
F,B,A,H,D,E,B,A,B,G,C,D,A,A,D,C,A,B,C,H,G,H,E,F,G,C,H,D,C,G,D,525850
E,A,G,F,A,E,A,B,B,C,B,E,B,F,F,C,B,A,D,F,D,C,F,E,H,G,C,A,B,F,E,364067
G,A,H,F,A,B,C,A,C,D,D,A,A,D,F,G,B,D,A,A,C,C,C,A,B,C,G,E,C,E,C,235407
A,B,B,C,F,D,D,B,E,G,C,F,C,G,D,D,D,B,A,D,E,F,D,H,C,B,B,D,D,A,C,352113
A,B,C,J,E,E,A,B,C,H,C,G,C,A,C,E,D,D,A,B,C,B,C,G,G,G,C,E,D,G,D,929806
A,E,G,F,D,B,E,A,B,A,G,B,C,E,F,A,C,A,F,F,J,A,E,B,F,A,H,E,A,B,D,891243
F,F,D,D,B,D,B,A,B,E,G,E,B,B,D,F,E,C,E,E,A,I,A,H,C,D,A,G,H,B,F,263879
F,C,C,C,I,E,E,B,B,G,G,F,D,G,B,C,C,A,B,H,B,J,E,E,G,C,C,B,A,G,E,411836
E,E,B,E,E,A,C,B,C,I,H,B,E,E,A,B,C,D,B,H,B,F,C,E,F,D,B,E,E,E,C,702140
B,F,C,I,I,E,B,C,D,A,H,E,E,B,D,C,D,B,A,H,I,F,E,H,F,E,E,D,H,G,E,369964
D,E,H,F,I,A,E,C,B,F,I,D,A,C,D,A,E,C,A,G,G,I,D,C,F,A,E,H,A,F,B,622362
A,A,A,E,B,D,E,A,D,E,D,B,E,A,D,G,D,C,B,A,B,A,A,E,C,D,F,D,B,D,B,391712
E,C,E,A,A,B,C,C,B,F,A,B,B,E,E,D,E,C,A,A,J,C,G,D,A,A,A,D,C,G,B,684347
E,F,G,D,F,G,F,A,A,H,A,A,E,G,D,F,D,D,F,D,E,I,E,H,H,D,F,E,D,C,A,521804
A,F,E,E,H,E,F,B,B,B,I,C,C,B,G,E,C,A,B,G,C,C,A,A,A,G,F,A,C,F,D,322359
D,F,H,J,A,D,D,C,D,B,B,E,B,E,D,C,C,D,E,G,J,G,A,B,A,G,B,D,F,B,D,629905
D,C,D,E,D,G,D,A,C,H,E,F,B,F,A,E,E,B,A,E,B,D,E,H,A,B,D,D,E,D,C,321094
D,G,I,G,C,D,F,C,D,F,H,B,B,A,D,F,E,B,F,H,B,C,F,D,B,F,B,B,G,A,F,381660
G,C,G,E,J,B,C,A,A,F,H,E,E,C,C,B,E,D,E,B,F,C,G,F,G,G,D,G,F,C,C,314138
E,F,I,D,C,D,F,B,D,I,F,E,D,F,A,B,B,A,F,C,C,J,A,C,H,E,F,B,G,F,E,141678
B,B,B,J,B,E,C,B,C,C,G,G,B,E,D,D,D,B,A,F,I,E,A,G,F,F,G,F,C,F,A,319359
G,A,A,H,A,A,D,A,A,E,F,B,E,G,G,A,B,B,A,F,F,J,D,G,B,E,D,E,H,F,E,408463
E,E,I,D,E,E,F,A,E,G,D,B,C,G,E,A,B,C,E,G,H,A,D,E,C,G,G,F,E,G,D,872336
C,G,A,A,I,E,E,C,B,C,E,G,C,A,F,B,A,C,D,A,E,J,E,F,E,A,H,B,B,C,B,998392
B,G,D,H,I,F,C,C,D,B,C,G,B,B,C,E,B,A,C,E,I,B,D,H,C,A,C,G,D,D,F,153095
G,E,I,F,I,G,F,C,D,I,B,D,C,G,D,A,C,C,A,C,I,J,B,G,F,D,H,A,E,D,D,990879
G,G,H,J,D,B,D,B,A,B,C,B,D,F,B,G,E,C,F,A,A,D,F,F,A,C,H,A,D,E,A,162934
D,E,B,D,I,C,A,C,E,I,A,A,C,D,D,F,B,A,E,E,D,J,E,D,G,E,E,A,C,C,A,704616
A,F,D,C,C,G,F,C,C,C,A,B,E,D,A,A,A,A,C,G,I,C,A,B,G,G,C,H,G,B,C,149516
G,F,H,B,H,F,A,B,D,E,C,D,D,A,G,F,D,D,E,B,H,E,G,F,C,G,G,H,D,D,D,833017
E,C,E,H,F,B,B,A,B,I,A,D,E,F,B,D,D,B,A,H,J,I,C,D,B,C,A,A,D,G,D,735779
G,G,I,G,H,G,A,B,D,I,E,F,A,E,C,B,B,D,F,G,B,B,E,D,E,B,B,E,H,C,E,986324
C,F,A,D,I,E,B,A,E,I,E,B,E,F,G,G,D,C,D,C,F,F,F,E,F,D,B,B,E,C,C,609367
A,E,D,B,D,F,E,C,E,G,A,F,A,D,A,B,A,B,D,F,A,H,E,D,F,G,C,D,C,A,A,349333
C,G,I,A,A,G,D,C,C,H,F,B,A,G,D,D,B,D,D,C,I,D,C,H,A,C,B,D,E,D,F,317000
C,D,H,G,A,C,F,B,C,G,G,B,B,B,B,F,A,C,E,E,E,H,F,D,C,F,A,D,C,G,A,387262
D,E,C,B,G,A,C,C,A,B,B,E,A,F,D,F,D,A,E,D,F,B,E,A,F,A,E,G,H,F,C,696997
E,F,H,F,I,C,A,C,B,E,E,A,D,E,B,G,B,D,C,D,E,A,A,H,D,E,F,D,C,A,B,520595
A,A,G,G,D,E,C,A,C,A,D,F,C,F,C,E,A,D,B,B,D,B,E,H,C,F,E,G,C,A,F,372117
D,A,E,E,C,G,E,B,D,F,I,A,C,G,F,D,C,B,D,H,C,B,G,D,B,A,A,C,A,G,E,217326
E,F,B,J,I,E,E,A,E,D,B,A,B,E,D,C,A,C,B,C,E,C,A,D,B,E,A,D,C,D,E,959503
G,G,I,G,F,F,E,C,B,C,D,G,A,F,D,D,D,B,B,D,H,A,E,F,B,E,A,E,B,F,E,744516
C,D,H,B,B,B,C,A,A,C,B,B,C,A,C,D,C,D,F,D,A,B,B,D,G,A,G,B,F,E,E,999984
E,F,E,E,I,E,D,C,E,D,B,E,A,D,E,C,A,B,D,C,G,F,C,F,H,F,F,A,H,B,D,686357
B,A,D,F,I,E,B,B,A,H,D,A,B,G,E,G,B,C,C,F,D,C,D,B,D,C,H,G,G,F,D,957897
G,B,E,B,B,D,E,A,A,B,I,G,D,A,D,F,B,D,F,A,E,I,D,F,C,G,H,E,G,G,D,569248
D,F,A,G,J,C,F,A,B,C,B,A,B,B,B,C,E,D,D,C,D,I,F,C,D,G,F,E,B,C,B,441023
E,A,A,H,J,D,F,C,B,F,C,D,B,G,F,D,A,C,E,F,E,J,F,F,F,B,B,B,H,A,F,617662
C,F,F,H,G,C,C,B,E,C,B,C,E,C,E,B,E,B,D,G,A,D,A,D,G,B,C,H,A,D,E,794017
E,F,D,B,B,G,C,B,B,A,G,E,E,E,C,G,E,C,A,B,A,G,E,E,C,F,G,A,C,A,D,609541
F,A,D,G,C,G,B,B,A,F,I,A,A,A,G,E,A,D,D,E,J,E,G,G,F,D,G,G,A,C,A,279264
B,C,B,F,D,G,F,A,C,F,E,G,E,D,E,E,D,D,F,E,A,G,F,F,G,E,D,A,B,E,A,835318
E,C,E,C,B,G,F,A,E,B,G,G,B,D,B,E,B,A,B,B,A,F,E,F,B,D,B,F,F,B,F,743169
E,F,B,I,C,D,E,B,D,A,E,A,D,D,B,C,E,B,B,A,D,G,D,D,H,A,A,E,G,D,D,269335
C,C,A,I,F,G,F,A,B,E,D,E,C,B,E,C,A,D,A,E,E,I,D,A,D,D,A,H,F,B,C,555669
B,E,A,J,I,C,F,C,A,F,G,E,B,C,A,D,C,C,B,H,G,A,E,H,B,D,A,D,H,C,A,907403
D,E,A,C,E,B,F,A,A,I,H,E,B,C,D,F,D,D,B,G,C,G,B,E,F,G,A,G,E,C,B,924361
D,G,B,D,C,F,D,B,A,A,B,A,C,F,B,A,D,A,E,D,I,J,C,D,E,E,H,E,H,E,D,948763
F,F,I,E,H,E,D,C,E,D,E,D,C,A,A,C,A,B,D,B,J,F,G,B,A,E,C,F,E,B,C,761576
G,G,H,J,C,A,D,B,C,B,H,E,D,C,F,C,D,D,C,E,J,G,C,E,F,E,B,E,F,F,B,110603
B,E,F,J,A,C,C,C,B,F,C,D,B,G,G,B,E,A,D,B,A,G,D,D,E,G,E,H,G,D,E,914919
D,C,H,J,G,E,C,B,E,B,E,F,D,E,A,D,B,B,D,F,J,A,B,E,H,F,D,D,A,F,B,886198
E,C,E,I,C,D,F,C,E,C,G,B,E,G,G,F,D,C,F,D,F,H,D,D,D,B,D,E,G,E,E,267552
D,A,B,B,B,F,B,A,B,H,D,F,E,E,E,C,B,A,B,D,H,H,C,C,G,G,C,B,G,C,B,942306
E,D,F,H,I,C,D,A,C,B,A,D,D,F,E,E,D,B,F,E,G,E,B,A,E,B,H,F,A,E,F,152698
B,B,A,D,F,D,D,B,E,D,G,F,A,E,G,F,C,A,E,H,J,F,B,F,H,C,G,D,G,B,A,299206
C,B,H,C,E,C,E,B,A,C,F,C,C,B,F,B,A,B,F,B,J,I,D,E,E,E,E,F,D,E,D,739407
E,G,E,F,J,E,F,C,E,C,A,F,C,B,B,G,E,A,E,A,J,G,A,F,G,E,F,A,E,C,B,830182
C,F,G,I,D,B,F,A,E,F,F,A,C,E,G,E,D,B,D,A,A,E,F,C,E,F,B,E,H,B,A,840483
A,A,G,J,C,B,F,B,C,H,E,B,C,D,F,D,B,B,B,H,A,H,E,A,G,B,G,E,D,B,A,220930
B,C,E,J,A,B,D,B,A,C,E,C,B,G,C,B,A,D,F,B,C,C,A,A,A,A,D,D,E,C,F,646304
E,D,H,G,B,C,D,A,C,C,D,D,B,E,E,E,B,A,F,E,E,B,B,G,B,B,F,C,D,A,D,447065
B,A,B,E,A,C,A,C,E,F,B,D,B,F,D,G,A,D,F,H,C,H,C,B,B,A,A,C,E,B,B,234566
G,C,C,J,G,E,B,C,A,E,G,C,D,C,D,C,B,A,C,F,B,H,E,G,C,B,F,B,D,C,B,348813
C,E,G,E,A,A,E,B,A,H,G,D,E,D,B,G,A,C,A,F,D,F,F,C,E,E,C,A,B,E,C,272027
E,C,F,B,E,E,D,B,C,A,F,E,B,F,E,B,E,A,A,B,G,F,B,B,A,E,C,D,B,F,A,916832
A,A,I,H,C,B,D,A,D,A,E,G,E,F,E,D,D,C,C,A,F,F,G,C,H,D,A,E,D,F,A,453587
E,B,F,B,B,A,D,C,C,B,C,F,A,C,E,C,E,A,D,H,E,A,D,C,E,A,E,A,D,E,A,313618
B,A,E,D,F,F,B,C,B,E,C,E,E,E,A,D,E,A,C,A,C,E,B,G,A,G,D,G,E,F,A,407437
E,C,B,I,H,C,B,A,D,F,H,C,A,D,F,G,B,A,F,G,D,H,B,C,F,D,C,A,E,C,B,670370
E,A,A,I,B,D,D,C,B,H,F,E,D,A,G,F,A,D,C,B,B,J,C,C,H,E,F,E,H,B,F,845707
A,G,F,J,F,E,D,A,D,G,F,F,B,B,B,D,D,D,D,H,I,F,C,F,D,A,G,A,C,E,C,504844
F,D,H,B,E,B,F,A,C,I,A,C,A,D,E,B,D,A,F,E,I,E,D,A,H,D,C,H,B,C,F,577079
F,A,B,E,I,B,A,B,B,F,G,D,C,C,G,E,B,A,A,A,I,G,D,F,H,F,G,G,G,F,E,398589
B,B,C,I,A,D,C,C,C,F,A,G,E,C,F,G,B,A,B,D,E,H,F,C,H,B,H,E,D,E,F,930918
F,G,H,I,B,F,F,A,E,C,G,C,E,B,B,C,B,C,E,D,F,H,F,G,E,F,B,G,F,B,C,473082
D,G,G,D,E,E,A,A,B,G,I,D,B,C,C,B,A,D,B,F,F,G,G,D,A,C,A,E,B,A,B,651334
G,D,I,C,E,G,D,C,C,D,D,G,A,A,F,E,E,D,D,C,F,C,F,H,F,D,A,F,E,E,D,772017
E,E,E,G,J,G,C,C,C,B,I,A,B,C,C,B,D,A,D,E,G,I,D,C,A,C,E,D,H,E,F,324181
E,C,G,E,I,E,F,A,E,G,E,F,D,D,C,B,C,A,E,F,F,D,A,E,B,A,G,B,D,C,A,785604
F,D,A,H,I,F,F,C,D,E,C,G,E,A,A,A,C,D,E,E,E,B,A,B,D,F,E,F,B,B,D,945958
B,G,G,E,H,B,A,B,C,H,F,G,D,E,E,C,B,D,B,E,D,E,B,G,D,G,B,B,E,F,A,721954
C,F,G,B,D,E,A,B,A,C,E,F,E,A,A,B,A,D,C,A,B,C,A,A,E,C,H,D,B,B,D,996409
A,G,I,D,J,C,F,B,D,B,A,C,B,E,G,D,B,C,E,F,A,B,D,B,F,A,F,E,G,C,E,375071
D,C,A,J,B,A,C,C,A,D,E,B,A,G,E,G,A,C,C,F,F,G,E,F,B,F,G,F,A,B,B,850845
G,F,C,B,I,A,C,A,D,F,G,C,A,E,B,A,C,B,D,C,B,E,G,D,C,C,E,E,D,G,C,417950
E,A,B,D,E,C,A,A,E,I,E,A,E,F,F,B,D,A,A,C,J,C,E,B,F,C,F,E,E,C,F,741203
E,F,E,A,F,E,A,B,A,I,G,B,B,D,D,F,A,A,A,G,C,G,C,D,G,A,B,E,E,A,B,737838
G,D,D,E,B,E,E,C,D,H,E,D,E,G,D,B,E,D,B,A,D,I,G,G,A,B,F,E,E,G,E,131302
B,B,C,D,D,G,B,A,C,C,B,D,E,F,E,E,E,C,D,C,I,H,D,F,D,G,D,F,D,B,B,725341
A,B,I,C,A,F,D,A,E,B,G,C,E,E,D,G,D,A,F,G,H,D,D,A,C,G,G,C,C,G,E,769715
C,D,I,C,A,A,D,B,A,H,F,A,A,E,B,G,A,B,E,D,I,G,C,B,D,A,C,B,G,C,F,847108
E,B,H,D,B,G,B,B,B,G,C,A,E,F,C,E,E,C,C,A,B,I,E,C,H,G,G,E,E,C,A,490311
G,F,G,H,I,D,D,C,C,A,A,D,D,B,B,A,D,B,A,G,B,F,F,F,C,E,A,G,D,C,F,181365
F,E,D,F,H,E,F,B,E,D,C,B,E,D,E,B,D,D,E,B,C,D,B,G,A,G,H,H,D,G,F,445481
F,C,C,D,H,C,C,C,A,C,B,C,C,C,B,B,A,D,F,A,A,J,E,F,B,B,D,E,F,G,B,274169
C,D,D,A,G,A,E,C,A,I,G,F,B,C,F,D,D,A,E,C,I,B,F,D,D,B,E,G,E,B,C,943555
G,B,G,G,B,B,D,C,D,D,G,E,E,A,F,E,E,A,C,F,F,C,E,H,D,A,H,C,F,D,E,830851
C,G,A,B,C,D,A,A,B,F,F,A,C,F,F,D,A,B,F,E,H,H,D,A,B,E,G,A,B,F,D,130999
D,C,E,J,J,G,F,B,A,B,D,G,B,A,G,C,A,A,D,D,C,H,G,B,F,D,E,D,D,C,A,401325
B,C,E,J,J,D,D,A,B,D,A,D,B,A,F,C,E,B,C,H,J,I,F,E,G,G,D,H,C,E,A,765503
F,F,E,E,F,A,A,A,A,F,C,D,A,E,B,D,D,C,B,D,E,H,D,H,C,E,G,B,D,B,F,864607
D,B,I,G,F,A,C,A,A,F,D,E,C,G,B,C,E,C,C,B,J,D,G,G,F,B,C,H,F,B,F,145319
D,F,I,B,E,C,E,B,A,C,F,F,C,A,B,F,B,A,D,E,D,F,D,C,A,G,E,B,G,B,E,949839
F,C,E,B,A,B,C,B,D,H,E,F,C,C,B,E,E,B,C,H,D,I,B,C,G,E,A,G,E,A,B,729254
A,G,H,F,I,D,D,A,C,B,H,F,C,A,E,E,D,D,B,B,B,J,E,G,D,G,E,H,G,B,B,956025
B,F,F,J,H,F,D,B,C,D,G,F,E,B,D,B,E,D,A,H,J,E,D,B,A,B,C,C,A,E,D,416816
F,D,I,B,E,F,F,B,D,F,A,G,A,D,F,C,D,B,F,B,J,H,D,A,F,A,E,C,F,D,D,945724
D,D,D,G,C,E,F,A,C,D,H,F,A,F,C,F,A,D,E,C,I,F,E,B,G,B,D,G,F,F,C,743768
C,C,E,I,J,G,B,A,C,E,I,C,C,B,B,A,D,C,B,B,E,D,B,E,H,B,E,C,B,C,C,442323
E,E,E,J,I,A,B,B,C,H,A,A,A,A,C,D,D,C,D,G,G,J,C,G,H,A,D,C,C,A,D,713516
C,A,D,J,G,B,A,B,C,G,E,G,A,G,E,B,E,B,E,D,I,C,C,F,A,A,B,H,E,F,B,662138
D,D,H,J,E,G,F,A,B,H,I,C,C,A,F,A,B,D,D,D,H,D,B,E,B,A,H,G,G,F,F,225023
C,E,F,A,I,D,D,A,C,G,D,B,A,E,C,C,A,D,D,C,E,G,A,E,E,A,G,A,B,F,D,519054
D,E,G,H,J,E,A,C,D,F,A,F,E,E,G,F,E,A,B,D,D,C,E,D,B,A,H,H,G,C,B,521411
B,D,I,D,J,D,D,C,B,A,I,A,C,B,A,A,E,B,C,D,J,B,G,F,C,F,D,B,C,C,F,844389
F,D,E,G,B,G,C,B,A,D,D,C,D,G,G,C,C,C,D,H,J,H,C,E,E,A,E,F,D,A,A,707061
C,G,G,G,F,A,A,C,A,D,C,F,C,G,E,C,E,B,E,C,G,G,C,E,B,G,H,A,F,E,C,423943
F,D,E,A,C,B,A,B,E,F,E,E,C,B,B,C,D,C,B,E,G,J,B,B,B,A,E,A,D,D,C,458141
A,C,E,F,H,G,D,A,D,H,H,E,D,E,E,D,B,A,F,G,F,H,A,G,G,E,C,G,G,E,A,293189
C,F,I,J,G,G,F,A,A,G,F,D,A,E,B,D,D,A,C,F,D,D,D,B,E,B,G,F,B,G,B,955758
F,F,B,H,C,E,A,B,D,C,E,D,C,G,D,D,C,B,D,G,H,H,D,A,D,C,D,B,D,E,A,521513
B,C,B,J,E,G,B,A,E,G,I,D,E,G,E,A,C,B,C,G,H,E,F,C,G,F,C,B,A,B,B,191433
C,B,A,H,E,B,F,C,B,D,B,D,C,A,A,E,A,D,F,H,F,I,F,B,G,C,C,G,F,F,F,337990
E,F,I,F,A,C,F,A,B,A,C,F,D,F,B,C,E,D,E,B,F,D,B,B,E,C,A,F,E,G,F,834531
B,D,G,J,C,F,C,B,D,G,D,D,C,B,C,F,E,C,E,G,C,C,D,H,B,E,G,G,H,E,D,499670
B,G,D,H,C,F,C,A,B,G,I,B,A,C,C,G,A,C,F,C,H,B,F,B,C,C,A,F,E,A,B,488754
B,G,H,A,A,D,A,C,A,B,E,B,C,F,G,F,B,D,D,B,D,G,E,B,B,F,C,G,F,F,F,180244
E,C,F,C,H,B,F,A,E,C,A,B,E,A,C,G,C,A,C,F,F,J,E,C,E,A,G,H,C,D,A,317715
F,B,I,J,B,B,C,B,B,E,A,B,A,C,B,E,C,B,F,A,D,E,F,G,F,G,D,G,E,B,B,500482
C,D,I,J,D,C,B,C,E,G,C,F,D,B,G,C,B,B,C,F,H,F,F,H,C,E,B,H,D,B,A,522764
C,F,H,H,D,D,D,B,E,F,A,E,A,B,D,G,E,D,F,D,A,A,A,F,B,C,C,F,E,D,D,238556
F,D,E,I,C,A,E,C,C,A,F,G,D,F,B,D,E,B,A,A,G,E,B,G,C,F,E,H,E,G,B,441703
F,E,A,G,C,D,E,C,D,D,B,E,D,D,E,D,A,A,A,D,E,D,A,B,C,D,G,F,G,A,B,634885
A,A,C,C,E,G,E,C,D,G,I,B,E,C,A,B,A,C,F,A,A,B,G,F,B,G,D,F,B,E,E,654469
A,F,E,G,J,G,D,B,A,H,G,C,C,B,C,F,A,C,E,F,A,A,C,E,A,C,C,G,H,D,D,232297
G,A,B,C,F,A,D,C,C,F,B,G,B,C,C,F,D,D,A,G,G,I,A,C,B,G,F,B,A,B,C,796129
B,C,C,H,D,G,F,C,A,C,B,G,D,B,B,F,D,C,B,E,C,J,B,F,H,C,B,F,A,B,D,673363
D,C,E,F,B,G,F,B,C,F,I,F,B,F,A,B,A,B,F,D,B,C,D,H,H,E,B,F,B,G,E,396186
G,A,C,A,F,E,F,A,C,E,E,B,C,B,C,F,A,C,D,B,B,E,A,E,H,C,F,G,B,F,A,900085
B,G,G,J,A,D,F,B,C,G,E,E,E,B,E,D,D,C,D,D,C,H,A,E,A,F,F,D,B,E,F,180800
D,D,H,I,H,E,C,B,B,B,G,G,E,A,C,G,A,B,D,A,C,D,G,A,G,E,B,D,F,F,B,228960
G,F,G,H,I,F,C,B,A,H,G,C,C,B,A,A,E,D,A,G,F,B,A,C,D,C,E,H,F,G,B,881529
G,D,F,B,H,B,E,A,E,G,H,A,A,G,E,G,A,A,B,D,I,G,E,G,G,B,C,D,C,F,B,136657
F,F,H,D,A,A,F,B,E,H,G,B,A,D,C,C,A,D,B,G,E,J,E,D,D,B,G,C,D,B,B,374935
D,F,A,D,J,G,F,A,C,C,B,A,C,E,G,C,E,C,A,G,G,B,F,G,H,A,H,F,B,C,F,782863
C,E,D,I,A,B,A,B,E,G,H,B,A,E,F,F,B,C,A,H,J,J,D,E,C,E,B,F,B,F,A,313140
B,C,H,I,J,G,C,A,E,H,A,C,A,D,B,G,B,C,A,H,A,A,C,A,A,E,E,H,C,C,F,262686
E,F,D,B,I,A,E,C,E,E,A,A,E,A,E,G,E,D,B,D,H,D,C,E,A,A,A,G,G,F,B,698739
G,A,C,G,E,D,A,A,D,A,B,G,E,F,C,C,E,D,D,F,A,F,C,D,C,F,B,C,G,B,B,983140
G,G,A,E,B,F,B,A,B,H,F,C,E,A,G,E,B,C,D,E,D,F,B,E,B,A,C,B,D,A,C,832721
D,B,B,E,A,E,A,A,E,D,D,F,A,D,E,F,C,D,F,B,E,I,C,G,D,C,C,B,D,C,B,152781
A,D,G,A,I,E,C,A,A,C,D,A,B,E,F,F,D,D,F,F,B,C,G,D,B,F,H,E,F,B,F,916890
A,D,A,A,A,D,B,B,E,A,G,C,D,B,E,G,A,A,F,H,D,G,E,C,H,G,E,C,G,A,F,121693
E,A,F,H,H,D,B,C,A,C,D,A,A,C,A,A,D,D,F,E,E,B,A,F,H,B,A,C,B,F,D,698885
E,E,F,J,J,D,B,A,A,H,H,C,A,D,G,C,E,A,F,D,I,C,B,G,G,D,D,G,B,D,E,185975
A,C,G,G,B,A,F,B,B,A,B,C,D,G,G,E,D,C,F,E,A,B,E,B,B,G,C,G,D,F,C,354595
B,G,A,D,B,C,C,B,D,F,F,A,C,A,G,E,A,C,D,H,D,C,D,B,B,B,H,D,G,B,D,692383
D,D,E,E,J,D,A,C,A,H,F,E,E,F,A,E,B,A,C,B,I,E,C,C,G,F,E,H,F,A,A,775560
D,E,A,H,C,B,A,A,B,F,I,A,B,C,A,F,C,C,C,A,F,A,E,F,F,G,E,G,D,B,B,964602
F,D,F,A,D,C,B,C,E,D,C,F,C,B,E,G,E,C,F,B,J,H,D,E,B,D,D,G,A,C,E,293456
C,D,A,F,J,A,A,B,D,F,B,B,D,D,F,A,E,A,A,E,B,F,G,C,D,C,C,G,F,D,A,780910
E,C,H,A,B,D,B,B,C,D,E,E,C,D,A,B,E,C,E,G,B,B,A,F,H,G,B,A,G,C,F,359748
B,A,B,H,B,F,D,C,B,D,B,B,C,E,C,B,B,B,A,B,C,G,B,D,E,A,E,E,D,B,A,754963
F,B,I,B,J,F,A,C,B,I,B,E,C,F,G,A,B,A,B,F,H,B,G,B,F,A,B,B,H,A,C,519225
B,A,F,C,B,C,F,A,C,I,G,F,C,C,G,A,D,A,F,C,I,H,A,C,F,E,H,A,B,C,D,319220
B,F,B,I,B,E,B,C,D,B,H,F,D,A,D,D,D,A,D,B,I,D,B,B,H,A,G,G,G,C,C,153989
A,C,E,H,G,G,F,B,C,F,D,B,B,A,D,C,A,A,A,E,J,C,C,H,H,C,B,G,G,B,A,374667
C,E,I,B,H,F,B,A,B,A,E,F,E,D,E,C,A,C,E,G,F,A,C,G,H,E,D,C,E,C,E,825505
F,F,H,E,B,C,B,A,E,I,H,B,C,B,G,C,A,B,E,F,C,B,D,F,B,C,C,G,C,B,D,795833
D,A,H,D,B,B,D,B,E,F,I,F,D,F,E,D,A,C,B,B,J,H,E,C,A,F,F,F,H,B,B,676490
F,F,E,A,I,A,C,C,A,I,B,F,A,F,A,C,C,C,A,E,G,A,A,H,B,D,F,C,B,C,B,476040
E,B,F,H,F,C,B,C,A,F,F,A,A,C,B,B,B,B,E,G,A,H,F,D,F,G,E,A,G,E,C,822971
B,F,I,H,H,C,F,C,B,B,A,C,A,D,E,D,E,A,C,C,H,F,B,G,E,B,D,E,E,D,D,479654
A,B,D,A,E,F,D,C,A,B,C,C,D,D,D,E,A,D,E,H,E,D,C,C,E,E,G,B,F,C,C,678959
B,C,F,A,F,A,D,A,B,D,A,F,A,D,A,D,D,D,A,A,B,C,B,C,H,A,G,H,H,E,B,747618
D,B,A,A,A,B,E,A,E,D,E,F,E,A,C,A,C,B,B,F,J,D,A,D,A,F,C,E,G,B,F,801499
F,A,I,G,J,F,F,C,D,F,F,A,E,F,B,C,E,D,E,C,J,D,C,B,G,E,A,B,B,D,F,682479
G,F,F,J,C,A,A,C,E,I,E,E,B,D,A,C,D,B,A,E,J,B,D,E,G,C,D,D,B,G,E,752232
F,F,D,C,E,D,B,C,A,E,E,E,E,A,B,F,E,C,A,G,F,E,C,C,G,G,A,C,F,G,A,480228
A,A,H,G,I,B,A,A,C,D,A,B,B,C,E,F,E,C,C,C,E,C,A,F,H,G,C,F,G,C,E,461383
D,G,H,B,G,G,F,B,E,H,G,G,C,D,C,B,B,D,B,F,C,G,E,E,F,D,G,F,F,D,C,514699
A,E,I,J,C,E,B,A,C,C,C,C,E,C,A,A,B,A,F,H,A,E,D,A,F,C,E,F,C,G,C,114007
B,F,H,H,A,C,C,C,E,I,G,G,B,A,F,A,A,A,A,D,A,E,D,E,B,F,H,G,E,E,A,152164
B,D,H,E,C,G,B,C,E,A,D,E,A,A,D,E,C,B,E,A,J,E,G,H,B,F,D,A,F,E,F,500364
D,B,H,C,A,G,E,B,E,C,A,G,D,B,D,E,E,A,D,H,C,B,F,H,D,C,G,H,H,A,A,335688
E,A,E,C,B,D,F,C,B,D,E,F,A,F,A,D,A,B,A,C,D,B,E,D,C,E,F,E,C,A,A,660213
F,D,F,F,I,F,B,B,E,A,G,F,C,A,C,D,C,C,F,E,A,B,G,C,D,F,F,F,H,E,E,333641
B,E,E,C,E,B,C,B,B,F,G,F,B,A,C,D,A,C,F,C,D,D,G,C,H,E,H,H,D,G,C,981976
C,E,G,A,I,A,F,C,C,G,F,E,C,D,C,G,C,B,D,G,H,D,A,C,C,C,F,C,C,B,D,968833
C,D,H,G,C,A,A,B,A,C,A,C,C,D,G,A,C,B,C,F,H,B,D,E,C,E,F,H,D,C,D,717873
F,E,A,H,A,D,E,C,C,G,E,F,C,B,E,F,E,C,B,B,H,H,G,G,B,B,A,A,C,A,B,828589
A,G,E,G,D,C,A,A,B,I,D,A,E,E,A,D,A,B,E,C,C,D,D,D,C,E,E,B,D,D,D,959096
C,G,D,A,H,F,F,A,E,A,E,D,A,E,D,D,A,D,A,E,A,F,D,E,A,F,E,C,D,D,C,405653
D,D,G,G,I,F,B,B,D,B,D,B,D,A,D,D,B,A,E,E,G,B,G,A,A,B,H,E,F,E,D,954764
A,D,B,E,I,G,B,A,D,D,A,D,C,A,G,C,B,D,B,E,B,B,B,F,C,B,C,H,D,F,D,854525
A,D,D,C,D,C,E,B,B,D,B,G,C,B,B,D,B,C,B,A,C,B,C,E,A,F,H,D,F,A,A,191195
D,D,A,E,F,E,C,C,E,A,H,F,E,F,E,G,B,D,F,C,A,E,E,H,D,D,D,E,E,D,F,261995
A,F,B,F,I,E,A,A,E,I,C,A,D,B,F,E,B,C,D,B,A,A,F,B,G,C,B,F,G,E,F,101445
C,A,I,H,J,F,A,B,C,A,H,C,D,B,G,E,D,C,B,F,H,I,F,E,D,C,B,D,G,A,D,416230
E,C,G,J,J,B,C,A,A,D,E,A,A,E,A,E,E,C,B,B,F,C,A,E,D,C,G,D,F,F,F,791361
F,G,G,A,J,E,E,B,C,D,A,A,C,A,E,D,E,D,F,G,D,C,A,B,F,D,G,D,C,G,A,407580
B,E,A,F,E,D,F,B,C,B,G,G,C,F,B,E,C,A,B,G,D,F,B,G,C,B,F,D,H,E,E,435496
D,C,A,F,C,F,F,A,E,G,D,D,A,F,D,A,B,D,E,D,A,G,C,D,C,G,B,C,C,B,A,445455
F,F,G,B,E,D,A,B,C,F,H,E,C,C,D,E,B,A,E,B,J,A,E,G,C,E,E,G,G,F,B,422043
E,C,G,A,E,F,D,A,B,B,F,C,B,G,C,A,A,D,B,E,D,F,A,E,C,B,H,F,F,D,E,814490
A,B,I,B,J,F,D,A,E,G,E,D,C,D,B,F,B,B,B,E,D,B,A,A,A,B,G,C,C,F,E,197591
F,C,D,A,C,B,F,C,D,C,I,E,E,D,B,G,C,D,E,B,E,C,D,A,G,D,H,E,C,C,D,680714
A,E,B,J,H,D,B,C,D,G,D,C,D,C,C,A,B,B,A,D,B,H,E,C,H,A,H,B,H,A,C,820443
D,C,I,D,J,C,E,C,E,E,A,A,C,D,D,B,C,C,B,D,F,H,C,H,B,A,D,B,B,E,E,204726
F,C,H,G,H,C,C,B,C,G,I,A,C,D,F,C,E,C,C,G,C,H,E,D,G,E,H,D,F,A,E,329084
D,A,D,J,E,F,B,A,E,H,D,E,E,A,E,C,C,D,E,D,I,E,F,H,D,C,F,H,A,B,F,437098
G,G,D,J,B,D,F,A,A,A,H,B,D,C,C,E,A,C,C,E,A,E,D,H,C,B,F,F,C,A,C,593804
G,A,A,D,G,F,C,B,C,D,H,A,C,C,D,C,B,D,C,C,B,G,C,B,B,D,D,B,D,B,A,523540
B,G,A,G,C,A,D,C,B,C,B,A,E,G,A,C,D,B,E,E,E,B,G,C,F,F,H,E,D,A,D,895869
A,E,E,E,D,E,E,C,C,D,H,F,A,D,F,B,E,D,B,E,F,C,G,F,B,D,C,F,H,C,C,618402
